customer_id,first_name,last_name,email,phone_number,status,registration_date,total_purchases,last_purchase_date
1,Camel,Shill,cshill0@diigo.com,8569262212,active,8/2/2014,9082.02,11/6/2011
2,Nigel,Clevely,nclevely1@answers.com,,inactive,12/30/2020,3920.45,6/29/2015
3,Dasha,MacArdle,dmacardle2@gravatar.com,7143166215,inactive,6/25/2021,7667.2,4/20/2021
4,Chloris,Elia,celia3@sohu.com,1684963882,inactive,9/27/2010,8403.94,7/12/2021
5,Natala,Hanscome,nhanscome4@cargocollective.com,8178920095,inactive,1/5/2022,7193.66,9/11/2020
6,Adrienne,Bruty,abruty5@drupal.org,,active,4/18/2011,3528.08,9/3/2014
7,Otto,Belsher,obelsher6@blinklist.com,5774300028,inactive,1/17/2014,7028.83,4/9/2014
8,Rhea,Kingzeth,rkingzeth7@pen.io,3621860123,inactive,7/29/2016,7452.24,3/17/2018
9,Donella,Strick,dstrick8@ning.com,2092380180,active,8/1/2010,9996.62,6/19/2021
10,Mahmud,Lowten,mlowten9@mapy.cz,6385601296,active,4/27/2020,2187.16,12/9/2012
11,Cristine,Bradick,cbradicka@themeforest.net,2507240426,active,2/19/2017,1860.04,11/28/2012
12,Wilmette,Navaro,wnavarob@nature.com,7851072823,active,2/25/2012,3737.79,10/27/2015
13,Skipper,Twitty,stwittyc@cdbaby.com,7056350396,active,6/23/2013,7818.6,4/9/2011
14,Jarred,McGougan,jmcgougand@sourceforge.net,5242176989,active,3/12/2013,9839.78,2/9/2016
15,Anett,Carne,acarnee@china.com.cn,5083145237,inactive,10/13/2021,3655.63,9/26/2012
16,Zelig,Sahnow,zsahnowf@slashdot.org,1724160857,active,5/31/2011,9101.06,8/5/2013
17,Benedicto,Slorance,bsloranceg@smugmug.com,7739985979,inactive,5/3/2021,5645.75,2/12/2011
18,Veronika,Howsan,vhowsanh@phoca.cz,1934993551,active,4/9/2012,4701.74,2/20/2020
19,Sarge,Oman,somani@hc360.com,7635340507,active,3/10/2018,598.82,1/27/2014
20,Donovan,Walkinshaw,dwalkinshawj@discuz.net,6689359190,inactive,9/13/2022,2021.15,10/17/2016
21,Joelie,Stothart,jstothartk@flickr.com,5654406167,inactive,2/6/2011,4470.97,4/17/2017
22,Dennie,Bumfrey,dbumfreyl@nps.gov,8402233546,active,1/20/2015,8876.65,8/23/2014
23,Elana,Yegorchenkov,eyegorchenkovm@webs.com,1219967704,inactive,2/28/2013,7951.24,4/5/2013
24,Gris,Laye,glayen@ox.ac.uk,8882895053,inactive,6/21/2015,7984.23,1/7/2022
25,Randa,Knewstubb,rknewstubbo@g.co,1696119404,inactive,3/20/2018,2716.41,7/2/2012
26,Hanson,Raitie,hraitiep@skyrock.com,8839311380,active,10/14/2016,7266.85,8/26/2017
27,Vincents,Atton,vattonq@ucsd.edu,3487423262,active,4/12/2012,7774.22,7/29/2016
28,Constantine,Van Der Weedenburg,cvanderweedenburgr@usgs.gov,3654432886,active,3/23/2022,3372.55,12/7/2012
29,Edita,Haycox,ehaycoxs@zimbio.com,5944922154,,6/19/2013,9644.23,5/10/2020
30,Damara,Seefus,dseefust@nytimes.com,1796572000,inactive,12/5/2019,8624.11,4/13/2015
31,Rinaldo,Bolzen,rbolzenu@wikipedia.org,2529283242,active,6/15/2014,7112.11,10/30/2022
32,Giovanni,Van Ross,gvanrossv@123-reg.co.uk,9723216910,,10/4/2010,1151.29,5/7/2015
33,Sylvester,Matteotti,smatteottiw@tumblr.com,5227288129,inactive,12/2/2021,5149.48,10/16/2011
34,Mariana,Kisby,mkisbyx@ebay.co.uk,1297068508,inactive,7/4/2020,6352.94,1/16/2016
35,Skell,Rexworthy,srexworthyy@google.co.uk,9788143498,active,10/28/2010,7444.88,10/24/2021
36,Freddy,Oxburgh,foxburghz@weebly.com,7401665318,active,11/21/2010,6390.98,3/31/2013
37,Boonie,O'Farris,bofarris10@fema.gov,,active,7/23/2016,1857.75,10/19/2010
38,Keefe,Gianulli,kgianulli11@scribd.com,1493874160,inactive,10/31/2020,9110.68,5/7/2012
39,Alfy,Topham,atopham12@over-blog.com,5432713828,active,6/23/2021,4375.74,10/7/2012
40,Remus,Blogg,,8292149910,inactive,11/7/2012,119.33,3/16/2020
41,Timothee,Astridge,tastridge14@apple.com,3938029844,inactive,10/16/2017,3492.0,3/23/2018
42,Ric,Piotr,rpiotr15@istockphoto.com,5705440809,active,11/4/2021,7735.48,4/23/2016
43,Skipper,Uppett,suppett16@networkadvertising.org,2511073590,active,6/7/2010,2862.73,2/21/2018
44,Rourke,Lindenberg,rlindenberg17@cnn.com,3368132399,active,8/29/2019,8826.88,4/8/2014
45,Abey,Hattiff,,6613018594,active,6/30/2011,6469.61,8/28/2014
46,Nancey,Kobpa,nkobpa19@alibaba.com,3616445475,inactive,12/31/2010,9558.14,9/30/2010
47,Othello,Feenan,ofeenan1a@reuters.com,2147826086,active,10/13/2011,6378.21,5/23/2015
48,Lily,Kocher,lkocher1b@purevolume.com,6041119382,inactive,2/14/2018,8239.28,6/3/2014
49,Kattie,Cleiment,kcleiment1c@msn.com,9252078712,active,6/27/2013,8206.3,10/29/2012
50,Lewie,Paolicchi,lpaolicchi1d@slate.com,,inactive,8/3/2010,5499.49,12/17/2012
51,Dillie,Robbeke,drobbeke1e@loc.gov,4838868054,,12/26/2016,6926.84,11/16/2012
52,Clayton,Penvarne,cpenvarne1f@wired.com,8736979363,inactive,10/5/2010,9757.37,8/6/2016
53,Kaleena,Haseley,khaseley1g@technorati.com,4695877935,active,12/1/2012,2370.93,4/15/2016
54,Templeton,Boyfield,tboyfield1h@senate.gov,1789927263,inactive,2/24/2019,5589.88,6/25/2022
55,Andre,Pigeon,,3596609754,active,4/19/2018,4285.81,2/18/2018
56,Connie,Leipold,cleipold1j@nytimes.com,5292363529,active,10/29/2016,156.94,9/30/2012
57,Ellette,Gobel,egobel1k@furl.net,5452984290,active,6/21/2022,1488.02,4/18/2019
58,Burty,Coton,bcoton1l@bbc.co.uk,7788171161,active,1/3/2014,4740.23,9/9/2015
59,Tori,Dyde,tdyde1m@symantec.com,8069564628,inactive,1/25/2017,7107.4,10/22/2018
60,Jessey,Barnhill,jbarnhill1n@photobucket.com,5263000452,active,8/3/2017,4959.18,1/25/2012
61,Adam,Buttner,abuttner1o@dell.com,1986638011,inactive,1/28/2016,3247.1,12/7/2015
62,Normand,Stanlike,nstanlike1p@google.com.br,1931823728,active,3/1/2012,2798.13,6/2/2022
63,Elbertine,Kite,ekite1q@craigslist.org,1171277347,active,7/3/2012,3451.93,2/19/2017
64,Elbertina,Bartrop,ebartrop1r@yandex.ru,8587672180,inactive,12/15/2013,9426.61,8/1/2014
65,Ariella,Gregori,agregori1s@woothemes.com,5823035990,inactive,4/5/2013,6899.35,3/23/2020
66,Hilliard,Jauncey,hjauncey1t@g.co,8611320486,inactive,7/19/2022,8583.63,12/12/2014
67,Maxy,Beddoe,mbeddoe1u@hugedomains.com,2401649975,active,4/9/2020,1839.13,9/5/2020
68,Ingamar,Paddeley,ipaddeley1v@statcounter.com,1353967668,active,11/16/2015,3282.34,12/11/2011
69,Dulsea,Shermore,dshermore1w@slate.com,5191565927,inactive,12/8/2010,7047.39,2/9/2013
70,Bearnard,Cluatt,bcluatt1x@bandcamp.com,1603974106,active,11/10/2010,3831.32,8/28/2021
71,Suzanne,Rose,srose1y@wired.com,4725165237,active,4/23/2011,4277.91,5/28/2016
72,Nessie,Salzburg,nsalzburg1z@cisco.com,8511171412,active,8/10/2017,1968.2,1/24/2015
73,Hercules,Tadgell,htadgell20@hhs.gov,3334042428,inactive,6/24/2013,5702.0,9/5/2011
74,Claudian,Dawes,cdawes21@usnews.com,8093407290,active,3/8/2014,3938.7,12/13/2014
75,Deonne,Sebborn,dsebborn22@chicagotribune.com,9563622311,active,3/26/2016,2087.51,11/1/2019
76,Conni,Attawell,cattawell23@godaddy.com,6864693667,,5/21/2016,6119.12,12/17/2022
77,Maryann,MacConnal,mmacconnal24@dmoz.org,7301779287,inactive,5/26/2020,9325.8,11/19/2022
78,Costanza,Shreeve,cshreeve25@spiegel.de,5716811164,active,5/2/2010,5412.78,4/20/2019
79,Waverly,Budget,wbudget26@paginegialle.it,6011701437,inactive,1/1/2022,9368.42,5/23/2011
80,Rickard,Dalli,rdalli27@imgur.com,2776760781,active,12/1/2017,6344.83,11/4/2013
81,Evelyn,Lambillion,elambillion28@bbc.co.uk,6019336815,inactive,1/19/2015,1711.12,11/20/2018
82,Jameson,Doale,jdoale29@flavors.me,9056795311,active,6/12/2010,1792.44,6/14/2019
83,Brad,Shrive,bshrive2a@irs.gov,7965500936,inactive,7/9/2013,8303.0,1/4/2018
84,Jaimie,Lude,jlude2b@blinklist.com,5875952198,inactive,9/11/2014,7425.94,5/5/2014
85,Carny,Webland,,7176021824,,10/10/2013,1021.44,8/9/2013
86,Kermie,Melledy,kmelledy2d@ifeng.com,2997379717,inactive,2/10/2014,4932.07,4/24/2022
87,Hesther,Saterthwait,hsaterthwait2e@google.nl,6433120248,inactive,6/11/2021,3859.62,3/2/2019
88,Mallory,Rossbrooke,mrossbrooke2f@digg.com,9442625627,inactive,2/28/2016,7497.43,9/9/2010
89,Alvy,Flageul,aflageul2g@wufoo.com,8595457770,inactive,3/13/2012,1325.15,2/25/2022
90,Carlin,Ellwand,,8433954513,inactive,3/25/2014,3368.68,4/27/2011
91,Rice,Simenet,rsimenet2i@odnoklassniki.ru,9317153919,inactive,4/12/2014,693.39,1/2/2015
92,Hilarius,Cullimore,hcullimore2j@geocities.jp,5033750785,active,1/26/2018,4751.2,2/18/2021
93,Dar,Cookson,dcookson2k@hp.com,9034724882,active,10/20/2013,9253.47,5/27/2012
94,Genny,Zecchini,gzecchini2l@meetup.com,,inactive,1/16/2011,292.62,3/17/2022
95,Iorgos,Pont,ipont2m@usnews.com,3388705593,active,4/19/2019,4531.91,1/18/2012
96,Odetta,Blare,,8839261665,active,12/2/2011,5400.88,3/13/2012
97,Wain,Butt Gow,wbuttgow2o@reference.com,8316998949,active,4/23/2021,5082.02,2/9/2014
98,Tiphany,Rickwood,trickwood2p@ocn.ne.jp,7344646297,inactive,10/25/2017,3753.34,10/10/2013
99,Dorotea,Avraam,davraam2q@people.com.cn,3362960597,active,2/2/2017,6936.01,1/14/2012
100,Benjie,Geroldo,bgeroldo2r@lulu.com,4033568932,active,2/16/2016,6659.43,6/5/2010
101,Roxy,Orrick,rorrick2s@wordpress.org,8047568588,inactive,3/23/2016,8302.06,6/30/2021
102,Doria,Matessian,dmatessian2t@artisteer.com,,active,10/20/2019,9364.49,9/23/2016
103,Linette,Exer,lexer2u@washington.edu,5387000866,inactive,8/22/2015,7726.21,4/26/2016
104,Vicky,Belk,vbelk2v@sfgate.com,,inactive,4/4/2016,6497.69,10/14/2020
105,Zeke,Heskins,zheskins2w@tuttocitta.it,3976598522,active,5/11/2013,8053.04,11/14/2016
106,Korney,Calendar,kcalendar2x@psu.edu,8273263618,active,5/26/2020,2262.58,9/23/2014
107,Kristofer,Rowlatt,krowlatt2y@slate.com,7779079120,inactive,7/1/2016,10.85,10/27/2019
108,Rusty,Szymonowicz,rszymonowicz2z@cnet.com,2369711414,inactive,10/19/2021,7872.65,3/9/2010
109,Kerwin,Kubin,kkubin30@webmd.com,6881679907,inactive,9/10/2014,9148.84,11/1/2014
110,Junia,Cockroft,jcockroft31@whitehouse.gov,,active,10/13/2018,9734.86,5/17/2021
111,Arlen,Cristou,acristou32@gnu.org,1727086848,active,8/1/2010,617.68,2/14/2022
112,Hansiain,Errigo,herrigo33@ucoz.ru,2463759491,active,1/2/2013,1039.3,3/6/2014
113,Maridel,Meech,mmeech34@ovh.net,7142757060,inactive,9/9/2010,5202.57,7/16/2014
114,Linn,Guerrero,lguerrero35@qq.com,4879807076,inactive,2/20/2015,5296.74,9/23/2021
115,Nanine,Clementson,nclementson36@bigcartel.com,8358811660,active,7/31/2017,9552.42,5/22/2011
116,Brendan,Helis,bhelis37@abc.net.au,1904990102,inactive,7/20/2014,3050.6,5/27/2018
117,Ase,Dymick,adymick38@yandex.ru,4724352731,inactive,3/3/2017,9775.65,8/3/2013
118,Matthias,Gier,mgier39@constantcontact.com,3184964681,inactive,6/17/2019,3816.55,12/22/2013
119,Gale,Vellden,gvellden3a@cam.ac.uk,2641158915,inactive,8/19/2022,8318.2,5/14/2019
120,Filmore,Nutt,fnutt3b@geocities.jp,8905096153,active,12/24/2012,6297.79,1/9/2020
121,Viviene,Dombrell,vdombrell3c@businesswire.com,3002742644,inactive,2/17/2020,8939.11,12/14/2021
122,Rafaela,Braid,rbraid3d@mashable.com,2809165503,active,4/10/2011,2700.62,3/7/2013
123,Kaleb,Stone Fewings,kstonefewings3e@google.com.br,3437796295,inactive,1/4/2011,3051.57,11/5/2011
124,Ely,Rosenblath,,7881846685,inactive,6/1/2015,5305.39,6/13/2010
125,Yule,Nunan,ynunan3g@cpanel.net,3404323981,inactive,3/7/2013,6778.3,4/8/2014
126,Codee,Ghiraldi,cghiraldi3h@furl.net,3136368445,,9/17/2012,6439.16,10/25/2017
127,Gipsy,Colclough,gcolclough3i@jugem.jp,1806484407,active,9/15/2011,1356.62,4/4/2013
128,Marylynne,Start,mstart3j@apache.org,4474278142,inactive,8/4/2019,5695.81,8/2/2022
129,Aeriel,Ronaghan,aronaghan3k@drupal.org,2333340768,inactive,5/10/2010,4058.76,6/1/2022
130,Penni,Kohnert,pkohnert3l@wiley.com,7615217862,inactive,8/27/2013,8573.77,10/27/2016
131,Clare,Atmore,catmore3m@go.com,3482822089,active,3/17/2017,2645.94,5/17/2012
132,Jeffy,Hollibone,jhollibone3n@reddit.com,1007525752,active,8/13/2015,9814.96,8/25/2016
133,Chelsae,Cranch,ccranch3o@oaic.gov.au,9904081270,inactive,2/3/2020,5726.93,4/17/2021
134,Kipp,Chidgey,kchidgey3p@e-recht24.de,,active,1/9/2013,3429.1,6/17/2015
135,Pavel,Terrelly,pterrelly3q@myspace.com,3173825363,inactive,2/5/2014,9735.05,9/11/2013
136,Bat,Duesberry,bduesberry3r@last.fm,5197915837,,12/16/2010,8203.89,12/18/2014
137,Joseito,Gook,jgook3s@pcworld.com,8069660858,active,8/2/2013,4926.94,12/24/2014
138,Dorelia,Covolini,dcovolini3t@ucoz.ru,4199225248,active,11/22/2015,6446.02,8/27/2022
139,Dee,Goolden,dgoolden3u@1688.com,7879267116,inactive,4/2/2019,5719.19,12/1/2010
140,Julienne,Wehnerr,jwehnerr3v@joomla.org,,inactive,3/16/2019,2938.34,7/19/2011
141,Vina,Haysham,vhaysham3w@oracle.com,8368189609,inactive,12/4/2013,9706.0,3/17/2020
142,Cyb,Ganniclifft,cganniclifft3x@a8.net,6668272030,active,6/8/2013,914.62,12/5/2012
143,Meredith,Viccary,mviccary3y@wikia.com,,inactive,9/7/2012,4296.78,11/11/2022
144,Marji,Fancutt,mfancutt3z@netlog.com,9526469200,inactive,10/4/2020,7615.93,7/11/2013
145,Filmore,Petts,fpetts40@sitemeter.com,2549688424,inactive,12/11/2016,4541.29,12/23/2013
146,Ogdon,Leary,oleary41@shareasale.com,7851228396,inactive,2/18/2022,8757.1,3/23/2019
147,Danila,Gosforth,dgosforth42@soup.io,1323058506,inactive,9/30/2013,7381.72,6/5/2016
148,Raf,Staynes,rstaynes43@uiuc.edu,9897505052,inactive,12/19/2015,2239.42,3/17/2020
149,Enrica,Putson,eputson44@wsj.com,4523206759,inactive,10/21/2018,2661.4,6/13/2022
150,Jane,Purches,jpurches45@bluehost.com,,inactive,2/15/2017,4839.19,11/30/2022
151,Hortense,Witheridge,,2063702918,active,7/18/2020,1923.08,3/22/2020
152,Miller,McAlindon,mmcalindon47@techcrunch.com,9975024579,active,3/27/2020,2712.72,3/27/2022
153,Lynnette,Chenery,lchenery48@elegantthemes.com,1193495850,inactive,6/26/2011,8621.93,5/20/2011
154,Bryan,Lally,blally49@java.com,1886214080,inactive,1/15/2021,5815.56,2/16/2012
155,Ezequiel,Gourdon,egourdon4a@example.com,2181281722,active,5/4/2014,6709.68,9/30/2017
156,Riva,Keirle,rkeirle4b@mysql.com,9801764551,inactive,2/9/2017,5972.8,2/1/2021
157,Bobby,MacAleese,bmacaleese4c@twitter.com,9676545609,inactive,7/24/2021,4710.06,8/27/2019
158,Pauline,Kentwell,pkentwell4d@mozilla.org,7014104313,active,10/2/2015,2955.93,10/17/2020
159,Sharity,Marquand,smarquand4e@hud.gov,9241506605,active,11/13/2015,7595.87,7/11/2022
160,Lona,Collett,lcollett4f@squidoo.com,1841067198,inactive,11/11/2021,276.35,9/18/2017
161,Van,Boarder,vboarder4g@walmart.com,8296177442,inactive,7/14/2020,4071.26,10/24/2010
162,Arley,Parysowna,aparysowna4h@cyberchimps.com,4975201026,inactive,11/11/2012,2114.1,1/10/2019
163,Lacy,Agnolo,lagnolo4i@indiegogo.com,6386440991,,9/14/2012,3773.28,5/13/2010
164,Justino,Laven,jlaven4j@amazon.co.uk,8397341854,active,1/26/2012,7085.71,4/16/2012
165,Joice,Glabach,jglabach4k@alexa.com,2717803898,active,2/4/2011,6256.52,5/9/2020
166,Giulio,Coppard,gcoppard4l@devhub.com,8516886496,,2/1/2018,8892.53,5/31/2016
167,Devonne,Camoys,dcamoys4m@lycos.com,6669980649,active,12/5/2020,2420.35,3/15/2011
168,Daven,McColl,dmccoll4n@xing.com,,,9/3/2021,5494.69,12/24/2020
169,Laurel,Wherrett,lwherrett4o@unicef.org,7454631045,inactive,6/4/2014,2676.05,11/15/2013
170,Carree,Ketcher,cketcher4p@cbslocal.com,2367470358,active,11/5/2021,7238.07,8/6/2017
171,Kristy,Olanda,kolanda4q@mlb.com,9107806853,active,10/1/2016,4126.26,5/6/2020
172,Hyacintha,Ferruzzi,hferruzzi4r@ifeng.com,1918211560,active,4/4/2020,1558.0,6/24/2020
173,Erin,Prettjohn,eprettjohn4s@bravesites.com,5322745475,inactive,5/25/2020,7917.64,10/1/2015
174,Ibbie,Chatelot,ichatelot4t@weebly.com,7859635042,inactive,11/13/2016,3714.66,5/9/2022
175,Rasia,Couser,rcouser4u@nyu.edu,2103153794,active,3/24/2019,2843.33,10/25/2012
176,Starlin,O'Garmen,sogarmen4v@exblog.jp,7895277130,active,11/20/2013,83.37,8/15/2020
177,Herschel,Murfin,hmurfin4w@deliciousdays.com,8212957512,active,12/18/2020,6723.63,5/31/2021
178,Bryan,Gossan,bgossan4x@joomla.org,9937576223,inactive,10/14/2012,8040.41,1/25/2022
179,Beatrice,Laviss,blaviss4y@ow.ly,4278103636,inactive,2/7/2012,1811.32,8/14/2016
180,Bart,Middle,bmiddle4z@sourceforge.net,9884275684,active,12/9/2010,9772.61,5/15/2016
181,Zora,Bracknall,zbracknall50@amazon.com,,active,12/10/2014,7618.58,3/20/2021
182,Laurie,Varndall,lvarndall51@illinois.edu,6913409937,active,3/5/2019,6528.44,4/20/2017
183,Joshua,Christian,jchristian52@gov.uk,6538451645,inactive,8/29/2013,6066.43,5/27/2012
184,Jacynth,Ferschke,jferschke53@domainmarket.com,,,6/11/2020,8747.26,7/3/2010
185,Kordula,Blaszczynski,kblaszczynski54@sina.com.cn,2326861415,inactive,5/5/2020,7694.9,1/12/2018
186,Sophronia,Karpychev,skarpychev55@reference.com,8523457297,inactive,10/1/2019,2047.06,7/20/2012
187,Lauralee,Padillo,lpadillo56@hc360.com,9422280324,active,8/16/2020,4138.02,12/20/2021
188,Dexter,Digger,ddigger57@deviantart.com,8854751556,inactive,2/2/2015,6631.91,4/2/2017
189,Jenine,How to preserve,jhowtopreserve58@paginegialle.it,1608531541,active,7/9/2018,1450.8,8/12/2010
190,Reginauld,Selwood,rselwood59@ebay.co.uk,2544195717,active,9/3/2012,5859.09,9/12/2013
191,Taddeusz,Handman,thandman5a@paypal.com,4127135271,active,10/5/2016,6076.78,2/14/2017
192,Nichole,Curds,,7509695464,inactive,8/4/2017,8134.62,7/31/2017
193,Shane,Hayer,shayer5c@fastcompany.com,,inactive,10/25/2010,3875.53,5/30/2021
194,Haley,Buckle,hbuckle5d@yellowpages.com,8891251072,active,9/9/2012,8809.13,6/7/2017
195,Florette,Yankin,fyankin5e@flavors.me,1483451947,active,1/3/2011,6481.47,10/3/2018
196,Marketa,Maddigan,mmaddigan5f@merriam-webster.com,9727255398,inactive,3/20/2018,9388.35,6/5/2010
197,Maurizia,Bruckman,mbruckman5g@mapy.cz,7819064145,active,1/3/2013,1652.11,9/9/2020
198,Ferdinanda,Benedtti,fbenedtti5h@aol.com,2879595127,inactive,12/22/2010,5447.16,12/5/2011
199,Nolie,Crackett,ncrackett5i@nydailynews.com,2595084817,inactive,1/28/2012,2970.45,12/20/2012
200,Reynard,Lope,rlope5j@ucla.edu,3953615517,inactive,9/29/2011,7393.29,3/23/2014
201,Janella,Bernollet,jbernollet5k@friendfeed.com,6258189039,active,7/23/2022,5126.39,8/17/2019
202,Alexandre,Reddell,areddell5l@bigcartel.com,7681299849,inactive,9/5/2014,1449.26,12/14/2014
203,Reinwald,Rubinovitch,rrubinovitch5m@oracle.com,9277518959,inactive,11/15/2017,673.73,3/22/2012
204,Chrissy,Worsnop,cworsnop5n@google.com.br,5013178470,active,2/14/2017,8888.93,6/1/2022
205,Darn,Daye,,3274093077,inactive,2/9/2022,1055.09,4/10/2021
206,Winona,Hancox,whancox5p@hc360.com,1705838502,inactive,11/9/2017,677.06,4/9/2022
207,Bibbye,Kilroy,bkilroy5q@privacy.gov.au,6627131194,active,7/20/2022,7737.8,9/13/2014
208,Honor,Grice,hgrice5r@dyndns.org,4068718544,active,4/26/2021,4874.04,5/29/2018
209,Tersina,Hamp,thamp5s@360.cn,8937673004,active,10/25/2015,610.26,9/23/2017
210,Berni,Moscon,bmoscon5t@gov.uk,7937019289,inactive,4/23/2018,8491.81,6/30/2022
211,Dana,Sambells,dsambells5u@reverbnation.com,7997060267,,3/9/2011,4257.17,3/4/2013
212,Lydon,Annion,lannion5v@purevolume.com,9968816066,inactive,3/5/2011,6193.94,9/3/2019
213,Haleigh,Calveley,hcalveley5w@tinyurl.com,9465557449,inactive,6/15/2022,9052.99,12/5/2017
214,Marjorie,McWhan,mmcwhan5x@businesswire.com,1671580168,active,12/20/2010,4815.21,11/3/2020
215,Alistair,Tapper,atapper5y@cmu.edu,6913702752,active,9/4/2013,2811.9,5/29/2011
216,Diann,Fearnyough,dfearnyough5z@angelfire.com,1099344553,inactive,11/18/2013,8559.21,11/20/2016
217,Gardy,Bertelmot,gbertelmot60@artisteer.com,2483757128,active,9/25/2018,2550.43,2/10/2012
218,Daile,Maides,dmaides61@sbwire.com,1368978412,inactive,4/16/2012,4993.23,6/28/2015
219,Domenico,Jedrysik,djedrysik62@360.cn,2867967941,active,10/13/2011,5687.2,8/10/2021
220,Doris,Stuchberry,dstuchberry63@google.ru,6674488162,inactive,3/10/2010,8026.92,10/9/2020
221,Dugald,Gambles,,,inactive,4/22/2020,9775.75,4/2/2011
222,Kiah,Edie,kedie65@example.com,4344142606,inactive,2/28/2018,7607.94,4/22/2013
223,Willetta,Silbermann,wsilbermann66@google.ca,6606314425,inactive,6/6/2018,7115.85,7/18/2014
224,Hillary,Brok,hbrok67@soup.io,6508730185,active,5/4/2017,1427.86,1/25/2017
225,Bunny,Burgwin,bburgwin68@icio.us,2142467198,active,10/25/2011,173.64,12/24/2020
226,Burr,Moreinis,bmoreinis69@list-manage.com,7724434268,active,3/2/2012,9759.18,7/12/2011
227,Brenden,Yitzhakof,byitzhakof6a@ovh.net,1642108140,active,11/29/2021,6732.75,4/29/2013
228,Artemis,Tumayan,atumayan6b@chron.com,8345472974,inactive,6/3/2017,786.63,6/24/2010
229,Lianna,Maddin,lmaddin6c@chronoengine.com,,active,11/17/2021,9363.59,4/7/2014
230,Flory,Latour,flatour6d@hubpages.com,3209915146,inactive,12/21/2021,5448.13,8/28/2017
231,Malvin,Masser,mmasser6e@histats.com,8029471310,inactive,1/26/2011,4686.08,1/15/2021
232,Tawsha,Cobbold,tcobbold6f@nationalgeographic.com,4577170872,active,4/30/2010,3539.01,2/12/2021
233,Lebbie,McGilleghole,lmcgilleghole6g@prnewswire.com,9272889133,active,5/25/2014,2110.4,5/14/2019
234,Kathy,Davydochkin,kdavydochkin6h@nymag.com,9476619931,inactive,8/17/2018,2272.89,5/14/2012
235,Morganne,Renackowna,mrenackowna6i@ucsd.edu,,inactive,10/8/2021,8208.12,3/3/2019
236,Ebeneser,Canedo,ecanedo6j@godaddy.com,3726932345,inactive,2/23/2014,5312.83,10/11/2018
237,Sylvester,McComiskey,smccomiskey6k@si.edu,7371419780,inactive,5/14/2015,6582.67,2/9/2021
238,Shelagh,Peizer,speizer6l@state.tx.us,,inactive,10/23/2022,7558.18,12/10/2022
239,Deerdre,Ronald,dronald6m@yale.edu,2508121442,inactive,12/26/2016,1074.73,12/7/2011
240,Stella,Laroze,slaroze6n@topsy.com,6271324391,,3/27/2018,4317.07,5/27/2012
241,Mahmud,Humbie,mhumbie6o@hostgator.com,8162491694,inactive,8/12/2013,1928.37,12/21/2010
242,Wallas,Crollman,wcrollman6p@booking.com,5733872812,inactive,2/3/2018,9593.94,8/31/2016
243,Mari,Glanders,mglanders6q@homestead.com,3124967756,active,12/14/2011,5508.47,12/12/2022
244,Gabe,Caldecourt,gcaldecourt6r@google.de,8363495116,inactive,11/22/2012,4284.16,4/8/2016
245,Conney,Coolbear,ccoolbear6s@dot.gov,3221211559,inactive,1/20/2017,478.29,7/17/2016
246,Evanne,Ipsly,eipsly6t@whitehouse.gov,1923129927,,11/2/2021,9890.32,12/8/2020
247,Teodor,Coffey,tcoffey6u@blog.com,6613763892,inactive,6/16/2019,7085.31,1/6/2017
248,Magnum,Sabates,msabates6v@unc.edu,,active,8/10/2014,6227.85,1/17/2013
249,Demetre,Bugby,dbugby6w@sitemeter.com,8599640753,inactive,5/5/2014,5705.11,6/14/2015
250,Lauraine,Rubinfeld,lrubinfeld6x@exblog.jp,5109025027,,5/8/2020,1339.57,6/13/2017
251,Evvie,Dorian,edorian6y@multiply.com,4394659673,inactive,6/17/2014,5817.15,7/30/2018
252,Josi,Varnals,jvarnals6z@wp.com,5212903583,inactive,4/25/2021,9796.6,2/1/2013
253,Karl,Merioth,kmerioth70@cnbc.com,8325514184,inactive,5/10/2011,8857.11,3/27/2018
254,Sosanna,Lenoir,,9253901022,active,10/27/2016,7636.12,10/11/2015
255,Lucretia,Quillinane,lquillinane72@ucoz.ru,8343748304,inactive,9/26/2013,9377.91,2/12/2012
256,Jeannette,Fetter,jfetter73@people.com.cn,1458556473,,2/15/2021,3673.18,3/18/2021
257,Niels,Kezor,nkezor74@auda.org.au,8656594390,active,12/3/2010,6841.31,1/31/2017
258,Josepha,Pratty,jpratty75@vistaprint.com,2144635607,active,7/1/2014,8185.02,11/7/2013
259,Tyrus,Boswell,tboswell76@webnode.com,9055576668,inactive,9/4/2013,126.92,7/16/2010
260,Orin,Paroni,oparoni77@loc.gov,8512133643,active,5/17/2016,9421.59,11/15/2013
261,Kimball,Andrew,kandrew78@gravatar.com,5311160795,active,7/4/2014,5764.38,4/30/2010
262,Sofie,Ainsley,sainsley79@google.ru,7861758906,active,11/26/2020,4343.22,11/13/2012
263,Crin,Henighan,,1548770857,active,10/23/2013,1594.26,3/25/2014
264,Meggy,Reihm,mreihm7b@opera.com,4714466457,inactive,12/8/2019,4265.97,1/14/2019
265,Margarethe,Edelmann,medelmann7c@ebay.co.uk,3937926435,active,10/11/2021,1981.86,6/1/2014
266,Brewster,Huffa,bhuffa7d@flickr.com,1509216575,inactive,8/8/2016,6419.05,4/27/2011
267,Fanchon,Rogger,frogger7e@merriam-webster.com,4701729618,active,11/26/2021,1544.75,2/22/2012
268,Stafani,McMeeking,smcmeeking7f@sbwire.com,7615028244,inactive,4/2/2010,3415.26,5/10/2015
269,Delly,Lammin,,7464660623,inactive,6/12/2021,4009.21,8/18/2014
270,Jillana,Stolberger,jstolberger7h@google.co.uk,1232734346,inactive,7/27/2015,6785.79,8/28/2021
271,Tamar,Danilchev,tdanilchev7i@rediff.com,9769130039,active,3/7/2020,5493.08,11/21/2018
272,Maxy,Siddell,msiddell7j@state.tx.us,9413344715,active,9/23/2015,585.97,2/28/2017
273,Adrien,Jakovijevic,ajakovijevic7k@cisco.com,,inactive,2/29/2016,6029.86,5/1/2010
274,Lorena,Fandrey,lfandrey7l@bing.com,2386495741,active,2/2/2012,9805.71,5/3/2014
275,Dasie,Pavlovic,dpavlovic7m@mapquest.com,7693074890,active,12/15/2016,3596.91,11/29/2016
276,Zeb,Labba,zlabba7n@exblog.jp,8248473831,active,8/18/2017,4042.9,9/14/2013
277,Kiley,Flowerden,kflowerden7o@jiathis.com,1434190482,inactive,2/3/2012,6239.4,2/20/2019
278,Sascha,Munkton,smunkton7p@yelp.com,7004361936,active,6/8/2010,2439.34,12/8/2019
279,Loreen,Huscroft,lhuscroft7q@unc.edu,1076404322,active,6/27/2013,315.05,3/10/2021
280,Berry,Eastmead,beastmead7r@bloglovin.com,3594007791,active,2/7/2013,3.36,6/13/2019
281,Dolly,Abrashkin,dabrashkin7s@ted.com,1968184098,inactive,4/7/2015,8412.38,10/17/2010
282,Charin,Jentet,cjentet7t@opera.com,4859427380,inactive,1/23/2021,4265.87,11/19/2010
283,Jeff,Bonar,jbonar7u@mozilla.com,2965620705,active,11/6/2013,744.87,9/8/2012
284,Estell,Durrand,edurrand7v@pen.io,8691316629,inactive,8/18/2012,1741.72,7/14/2011
285,Dacia,Webb,dwebb7w@bloomberg.com,2066862500,active,7/2/2015,9254.46,11/5/2022
286,Ilse,Spain-Gower,ispaingower7x@nbcnews.com,7166418647,active,11/9/2015,5988.74,6/4/2014
287,Ronnie,Erbe,rerbe7y@mayoclinic.com,7104185798,inactive,3/28/2015,8708.08,6/17/2016
288,Marvin,Farny,mfarny7z@exblog.jp,1769758185,active,3/21/2010,9295.06,7/23/2011
289,Polly,Gronow,pgronow80@stanford.edu,7349667824,inactive,11/6/2014,9840.44,11/22/2017
290,Arden,Markey,amarkey81@deliciousdays.com,4469078549,inactive,5/8/2015,4134.68,8/9/2019
291,Davy,Saby,dsaby82@eventbrite.com,7384383892,inactive,9/19/2012,1859.5,7/3/2013
292,Leticia,Minette,lminette83@ucoz.com,1406488132,inactive,4/19/2012,6663.24,11/26/2011
293,Dennie,Santarelli,dsantarelli84@umn.edu,7212267027,inactive,6/22/2015,8567.27,10/11/2019
294,Tuck,Anthill,tanthill85@tumblr.com,3145793086,inactive,1/25/2010,6241.5,10/14/2014
295,Hewett,Oxbrow,hoxbrow86@ovh.net,7772659058,inactive,12/24/2011,85.83,4/3/2020
296,Muffin,Chardin,mchardin87@amazon.co.uk,4535561276,inactive,12/5/2017,7273.94,7/6/2018
297,Ase,Rudram,arudram88@cbslocal.com,2553664044,inactive,3/24/2018,3352.15,8/24/2021
298,Kinnie,Mulrooney,kmulrooney89@vkontakte.ru,4205512298,inactive,1/30/2021,4762.21,8/16/2014
299,Robert,Gange,rgange8a@yahoo.co.jp,9512574579,active,9/18/2021,6086.0,4/14/2015
300,Erhard,Duddridge,eduddridge8b@smh.com.au,3214204828,active,2/1/2020,567.19,10/18/2014
301,Bree,Sugars,bsugars8c@newyorker.com,,inactive,8/11/2019,5786.72,4/21/2021
302,Aleece,De Biasi,adebiasi8d@goo.gl,6251987218,inactive,8/31/2016,78.48,12/2/2017
303,Zak,Glanfield,zglanfield8e@tumblr.com,2743347969,inactive,12/30/2014,436.21,4/7/2012
304,Brockie,Forsdyke,bforsdyke8f@zdnet.com,2787906079,inactive,1/7/2019,7853.14,10/19/2015
305,Sherri,Gutsell,sgutsell8g@rediff.com,6031577749,,11/9/2011,3506.78,10/19/2013
306,Lemmy,Hinkins,lhinkins8h@storify.com,2177577789,inactive,4/20/2022,8835.7,8/12/2011
307,Twila,Storks,tstorks8i@blogtalkradio.com,2105952365,,1/7/2021,5827.34,9/1/2012
308,Rik,Drife,rdrife8j@yellowbook.com,8817120109,inactive,11/28/2019,4457.91,3/7/2020
309,Charlie,D' Angelo,cdangelo8k@multiply.com,7866016659,inactive,2/6/2011,2854.24,10/19/2019
310,Tate,Mahony,tmahony8l@google.cn,8978190450,active,11/19/2016,7507.95,4/18/2011
311,Alfonse,Brixey,abrixey8m@behance.net,2348461788,active,9/15/2014,7436.24,10/22/2014
312,Rurik,Southam,rsoutham8n@disqus.com,3158515066,inactive,11/3/2012,3486.64,8/31/2016
313,Ricky,Baseke,rbaseke8o@webeden.co.uk,9232962806,active,7/18/2011,9557.91,3/9/2020
314,Fleur,Thyng,fthyng8p@technorati.com,7348803757,inactive,10/23/2018,6258.04,4/15/2015
315,Allen,Vidineev,avidineev8q@mozilla.com,6323473833,active,4/15/2021,9569.92,1/12/2012
316,Tynan,Vasishchev,tvasishchev8r@indiegogo.com,9002188309,active,5/13/2017,8085.49,3/25/2015
317,Kellby,Looby,klooby8s@shinystat.com,7575929397,active,9/26/2010,2195.35,4/4/2022
318,Danyette,Sanpher,dsanpher8t@psu.edu,5849939457,inactive,2/21/2020,6019.28,7/9/2022
319,Jocelyne,Clinkard,jclinkard8u@columbia.edu,4808011923,,4/16/2014,9655.83,2/21/2010
320,Noland,Warland,nwarland8v@shareasale.com,7443090618,active,10/15/2020,9293.72,8/21/2019
321,Evelina,De Francesco,edefrancesco8w@constantcontact.com,7849702782,inactive,7/17/2018,2095.32,5/2/2012
322,Rachelle,Churm,rchurm8x@mediafire.com,1151307912,active,2/10/2021,4329.97,1/1/2014
323,Hyacinth,Manville,hmanville8y@craigslist.org,8563837807,active,3/30/2011,889.25,1/5/2022
324,Fredric,Fahey,ffahey8z@wunderground.com,3654430545,inactive,3/22/2011,9974.02,4/11/2017
325,Alyssa,Hasling,ahasling90@stumbleupon.com,2308378736,inactive,5/27/2017,4078.94,9/9/2012
326,Thebault,Cherrett,tcherrett91@mac.com,1019696413,active,12/17/2020,6688.49,12/18/2018
327,Inesita,Kelner,ikelner92@sun.com,7797205547,inactive,4/13/2019,4794.77,8/11/2018
328,Arlena,Merrigan,amerrigan93@craigslist.org,8506331347,active,6/3/2020,3655.78,2/1/2020
329,Gates,Winnister,gwinnister94@free.fr,5018056490,inactive,3/11/2014,6727.34,5/5/2010
330,Tome,Bellord,tbellord95@tumblr.com,4047465144,active,5/13/2017,998.31,1/16/2020
331,Kayle,Pridmore,kpridmore96@wisc.edu,7267889464,,11/24/2010,1521.14,3/11/2022
332,Jereme,Seabrocke,jseabrocke97@freewebs.com,4941240373,active,3/23/2011,8294.62,4/13/2017
333,Lorry,Cozins,lcozins98@nhs.uk,,active,11/18/2014,4997.38,7/18/2011
334,Orelia,Kobke,okobke99@rakuten.co.jp,9615535676,inactive,3/9/2014,1984.49,7/14/2015
335,Brooke,Glendenning,bglendenning9a@icq.com,3345951017,active,6/15/2012,9748.88,9/17/2018
336,Wilden,Coppins,wcoppins9b@oakley.com,3149547368,inactive,6/25/2013,6723.25,12/27/2019
337,Orelle,Buntine,obuntine9c@nytimes.com,5797900313,active,8/10/2022,5127.02,7/31/2022
338,Gerta,Witul,,7593398958,inactive,5/7/2019,7182.18,9/29/2013
339,Armando,Matterface,amatterface9e@hud.gov,1066014829,inactive,6/30/2018,9562.63,10/18/2019
340,Egan,Mattys,emattys9f@timesonline.co.uk,1614580142,active,6/5/2018,5310.13,8/27/2015
341,Lindie,Greader,lgreader9g@aol.com,6008776698,inactive,2/1/2019,2749.38,5/18/2022
342,Regen,Calcraft,rcalcraft9h@example.com,4865597613,,6/12/2019,7872.85,1/13/2015
343,Kettie,Tulloch,ktulloch9i@delicious.com,7205006541,inactive,11/14/2013,4788.66,6/22/2018
344,Mia,Deely,mdeely9j@ocn.ne.jp,1997494588,inactive,2/2/2011,5647.44,4/11/2015
345,Bernelle,Ruos,bruos9k@netscape.com,7087460700,active,4/24/2013,8899.43,11/16/2019
346,Lou,De Francisci,ldefrancisci9l@imageshack.us,3585114214,active,6/25/2012,4718.77,3/3/2011
347,Christine,Hurkett,churkett9m@si.edu,2331730238,inactive,7/27/2010,3467.27,4/8/2016
348,Ramona,Steven,rsteven9n@nhs.uk,,inactive,7/18/2022,4363.51,10/6/2017
349,Allina,Cabell,acabell9o@skyrock.com,8434969756,inactive,11/29/2019,6351.86,12/28/2015
350,Nikki,Lovel,nlovel9p@xrea.com,5627142200,inactive,6/16/2015,9750.68,11/4/2015
351,Katha,Breadon,kbreadon9q@reference.com,5259232282,inactive,3/20/2014,9303.05,4/9/2021
352,Sibelle,Camous,scamous9r@kickstarter.com,2083434626,active,2/21/2018,8678.08,12/20/2010
353,Brittney,Giovanazzi,bgiovanazzi9s@omniture.com,1726027462,inactive,6/10/2018,4117.1,9/6/2022
354,Tirrell,Krollmann,tkrollmann9t@skype.com,2057308147,inactive,4/18/2012,8100.4,10/5/2013
355,Danila,Dhennin,ddhennin9u@ustream.tv,6341751448,inactive,2/28/2022,8529.92,3/7/2012
356,Suzette,Iacopo,siacopo9v@booking.com,1866510388,inactive,4/7/2021,3865.44,3/12/2022
357,Dody,Seson,dseson9w@storify.com,3838487283,active,4/1/2022,6549.35,10/24/2015
358,Ivie,Sustin,isustin9x@sciencedirect.com,5971989387,active,5/23/2015,1731.94,1/28/2014
359,Fayette,Brazelton,fbrazelton9y@rambler.ru,3496513040,active,4/25/2020,3832.42,7/18/2011
360,Bentlee,Sturdey,bsturdey9z@ycombinator.com,9757610247,active,3/30/2016,4741.24,2/6/2018
361,Simeon,Ormistone,sormistonea0@technorati.com,7466377922,active,4/8/2020,8718.95,1/15/2019
362,Ester,Orriss,eorrissa1@technorati.com,4801998066,inactive,5/27/2012,8944.3,6/22/2018
363,Hermione,Bruneton,hbrunetona2@csmonitor.com,9166092424,inactive,8/7/2010,3457.79,3/22/2010
364,Luisa,Ashbrook,lashbrooka3@woothemes.com,,active,9/19/2012,4706.59,7/18/2018
365,Bendix,Flores,bfloresa4@toplist.cz,5595428710,inactive,4/9/2018,7597.75,7/23/2015
366,Delores,Arrighi,,2804971711,inactive,7/23/2018,6616.7,6/6/2021
367,Hervey,Girardetti,hgirardettia6@epa.gov,1908198789,inactive,1/11/2012,3972.87,5/27/2016
368,Leanor,Reuther,lreuthera7@army.mil,,inactive,1/3/2020,3226.26,6/12/2020
369,Dorris,Ratke,dratkea8@sitemeter.com,7385126089,inactive,9/20/2011,118.94,1/9/2021
370,Luisa,Dillimore,ldillimorea9@irs.gov,,active,10/3/2013,6399.1,3/30/2018
371,Charita,Betteriss,cbetterissaa@posterous.com,6647528512,inactive,1/28/2016,1939.53,9/29/2017
372,Dominic,Yule,dyuleab@cdc.gov,5854812498,inactive,7/23/2017,6911.34,7/9/2022
373,Myrtie,Truswell,mtruswellac@ucla.edu,7946074063,active,8/29/2018,5470.91,8/15/2021
374,Albie,Pill,apillad@altervista.org,8264248536,active,10/27/2010,7607.85,6/17/2013
375,Jordon,Duding,jdudingae@amazon.com,,active,5/10/2016,2988.43,11/25/2022
376,Marlo,Lope,mlopeaf@yellowpages.com,3696033491,inactive,3/14/2021,5206.96,2/11/2012
377,Siana,Essel,sesselag@eepurl.com,5529840595,active,2/9/2014,2291.8,1/24/2017
378,Emilie,Casale,ecasaleah@hugedomains.com,1817615998,active,7/30/2012,4640.25,6/20/2019
379,Janetta,Robathon,jrobathonai@rakuten.co.jp,1582534243,active,8/19/2014,9313.89,1/25/2017
380,Aurore,Haken,ahakenaj@sakura.ne.jp,8716468017,inactive,11/11/2017,718.25,2/19/2022
381,Oralie,Allmann,oallmannak@addthis.com,6863289375,active,6/22/2018,8283.52,9/21/2019
382,Gearard,Norquoy,gnorquoyal@blogger.com,6793141272,inactive,3/14/2021,8011.16,1/3/2010
383,Callie,Sly,cslyam@mashable.com,6524373888,,5/10/2017,9064.43,6/11/2018
384,Aubrey,Playdon,aplaydonan@privacy.gov.au,4246359791,inactive,8/20/2011,7685.5,1/17/2015
385,Jolie,Mangeon,jmangeonao@psu.edu,4635483963,inactive,9/15/2010,453.1,9/2/2016
386,Ezmeralda,Schleswig-Holstein,eschleswigholsteinap@buzzfeed.com,4898416839,inactive,12/17/2018,8735.7,3/30/2015
387,Lissie,Petricek,lpetricekaq@google.co.jp,2171626138,active,7/30/2018,8479.46,2/4/2020
388,Bay,Maddy,,2859683827,inactive,3/14/2021,3620.54,8/25/2020
389,Isaiah,O'Hear,iohearas@dell.com,,active,2/16/2022,5802.43,9/23/2017
390,Jacynth,Pengilly,jpengillyat@imdb.com,,inactive,5/21/2022,4320.18,4/10/2021
391,Marty,Ipgrave,mipgraveau@oaic.gov.au,1328794130,inactive,3/31/2016,3849.97,7/24/2017
392,Liza,Stearn,lstearnav@webeden.co.uk,9921892006,inactive,3/30/2016,6453.42,4/25/2017
393,Miguela,Annakin,mannakinaw@clickbank.net,7839364408,active,12/10/2021,5916.73,5/9/2012
394,Caryl,Greaves,cgreavesax@psu.edu,6849741012,active,3/25/2010,7502.3,4/10/2016
395,Noami,Demageard,ndemagearday@cafepress.com,2212317173,active,6/26/2019,7376.44,1/4/2017
396,Fabio,Skellon,fskellonaz@so-net.ne.jp,5854548609,active,3/1/2013,5070.28,12/22/2022
397,Haley,McAlinden,hmcalindenb0@washington.edu,,active,9/22/2010,568.34,3/20/2013
398,Arty,Fidock,afidockb1@cpanel.net,9578854645,active,3/5/2010,1337.24,4/18/2014
399,Bruno,Balls,bballsb2@wunderground.com,1768859677,active,12/7/2021,4865.95,1/28/2011
400,Kati,Heino,kheinob3@nifty.com,4129117182,inactive,11/8/2017,7535.83,5/26/2016
401,Rene,Oertzen,roertzenb4@stumbleupon.com,7685509452,inactive,5/25/2014,7879.93,4/6/2018
402,Agnella,Ollett,aollettb5@dyndns.org,2123333939,active,6/22/2018,1841.42,10/17/2020
403,Pasquale,Godlonton,pgodlontonb6@scribd.com,9523472927,,3/28/2016,6818.68,5/3/2022
404,Leeanne,Jarry,ljarryb7@ycombinator.com,3631896686,active,1/27/2013,5017.87,5/26/2010
405,Jilli,Hutcheons,jhutcheonsb8@hc360.com,6268686877,active,12/18/2013,5978.79,7/22/2013
406,Wallace,Neary,wnearyb9@homestead.com,9935931151,inactive,1/4/2012,3123.47,6/10/2016
407,Pearla,Vankov,pvankovba@vkontakte.ru,7548874314,active,6/3/2020,9687.56,1/5/2019
408,Stinky,Indgs,sindgsbb@biblegateway.com,,inactive,11/23/2016,3560.25,2/13/2020
409,Willamina,Hawk,whawkbc@ehow.com,6756560159,active,4/26/2017,9034.59,9/20/2021
410,Abbye,Skittle,askittlebd@fema.gov,3124254041,active,10/14/2016,6382.9,11/20/2013
411,Gretel,Whitfield,gwhitfieldbe@so-net.ne.jp,4882790995,active,7/16/2014,2816.54,12/18/2013
412,Delainey,Lintall,dlintallbf@plala.or.jp,6274650804,inactive,10/19/2021,5461.07,12/17/2017
413,Ericha,Jest,ejestbg@amazon.co.jp,6884653497,inactive,12/13/2012,4616.2,3/11/2020
414,Wilfred,Spadeck,wspadeckbh@telegraph.co.uk,3942209314,active,5/14/2014,8876.46,10/17/2014
415,Rosalia,Flowitt,rflowittbi@apple.com,5998772345,inactive,6/27/2012,6542.06,4/18/2017
416,Cassaundra,Flicker,cflickerbj@cam.ac.uk,8425413868,active,12/23/2010,6859.01,4/23/2012
417,Orsa,Huckett,ohuckettbk@digg.com,9204867985,active,7/2/2021,4902.9,7/8/2022
418,Augustine,Butler-Bowdon,abutlerbowdonbl@tamu.edu,6607036676,inactive,3/27/2012,1159.52,9/21/2015
419,Benni,Clear,bclearbm@opensource.org,2763133212,inactive,3/14/2012,9044.58,8/26/2013
420,Andrej,Hunte,ahuntebn@csmonitor.com,5468532478,inactive,5/21/2010,7640.69,5/7/2020
421,Jodi,Stiffell,jstiffellbo@icio.us,7083754741,inactive,1/5/2011,9157.87,5/1/2013
422,Conroy,Hentzeler,,7707867474,active,12/8/2016,8997.07,3/7/2020
423,Dana,Golding,dgoldingbq@tripadvisor.com,8695377429,inactive,6/28/2020,5464.47,1/25/2018
424,Matelda,Macconaghy,mmacconaghybr@mysql.com,,inactive,10/1/2016,6322.95,9/27/2010
425,Charmine,Tallent,ctallentbs@printfriendly.com,6365514688,inactive,6/23/2021,3124.2,2/1/2019
426,Ruby,Bidwell,rbidwellbt@technorati.com,2365823368,,7/30/2020,8262.15,1/27/2019
427,Reece,Bartkowiak,rbartkowiakbu@slashdot.org,,,1/22/2016,8289.56,2/13/2013
428,Jannel,McShea,jmcsheabv@wikispaces.com,1064825696,active,4/11/2022,7405.39,9/10/2013
429,Melantha,Artis,martisbw@businessinsider.com,8081244703,,9/27/2015,3668.76,8/15/2022
430,Drew,Camilio,dcamiliobx@virginia.edu,7389872395,active,5/22/2020,4585.85,9/17/2017
431,Diana,Defond,ddefondby@samsung.com,7735598389,active,2/23/2010,4394.29,4/18/2013
432,Merv,Kuller,mkullerbz@devhub.com,4554004558,,5/7/2021,4477.48,4/26/2019
433,Benton,Picknett,bpicknettc0@japanpost.jp,9164434669,active,9/21/2022,3590.13,6/22/2015
434,Carce,Stuchbury,cstuchburyc1@google.es,,inactive,7/5/2017,5727.33,12/12/2019
435,Luisa,Oxterby,loxterbyc2@google.it,7134183942,inactive,8/31/2012,16.16,5/27/2019
436,Kaylee,Henkens,khenkensc3@usnews.com,9573235035,inactive,7/18/2011,522.03,3/14/2013
437,Marya,Lansberry,mlansberryc4@nature.com,1665044945,inactive,9/7/2016,3363.85,4/4/2011
438,Millard,McVity,mmcvityc5@usnews.com,9166702127,active,10/27/2018,6038.51,6/2/2020
439,Hillary,Hobble,hhobblec6@nba.com,,active,6/6/2019,755.36,4/22/2016
440,Gustie,Hearnes,ghearnesc7@youku.com,4573073372,inactive,10/11/2011,4073.74,7/2/2018
441,Hollie,Donoher,hdonoherc8@umn.edu,9466837898,active,4/6/2019,6878.86,2/18/2022
442,Chrissie,Steade,csteadec9@wikia.com,7958375060,active,12/15/2022,8226.84,8/23/2021
443,Hildegarde,Ison,hisonca@miibeian.gov.cn,4407356244,inactive,3/10/2014,4404.94,10/21/2011
444,Betteanne,McSorley,bmcsorleycb@ovh.net,6411407408,inactive,4/19/2011,1569.43,12/16/2019
445,Justis,Behrend,jbehrendcc@hugedomains.com,5601276038,inactive,3/20/2016,3999.82,4/23/2014
446,Tine,Halstead,thalsteadcd@wordpress.com,9328764351,inactive,11/26/2021,91.02,9/18/2022
447,Laney,Benny,lbennyce@gov.uk,8406259493,,9/29/2014,9809.38,1/20/2018
448,Shandy,Menear,,4937802308,inactive,7/13/2013,5784.51,12/19/2017
449,Dela,Marvin,dmarvincg@imageshack.us,2592480727,inactive,6/23/2021,6936.98,5/5/2022
450,Patricio,Soame,psoamech@prnewswire.com,6204909745,active,8/26/2022,4428.9,7/23/2021
451,Piper,Stoak,pstoakci@goo.gl,5527435997,inactive,7/5/2016,7778.77,3/24/2016
452,Filmore,O'Rowane,forowanecj@prlog.org,9998668276,active,2/28/2021,2884.96,4/9/2019
453,Sonia,Arkin,sarkinck@ycombinator.com,4371705699,active,1/4/2022,9254.65,7/9/2022
454,Rosabella,Swatheridge,rswatheridgecl@businessweek.com,3341812425,active,11/6/2013,4591.12,4/6/2010
455,Nora,Verner,nvernercm@cdbaby.com,5894579196,active,7/13/2020,4975.53,11/22/2019
456,Muffin,Ducker,mduckercn@dropbox.com,3738404509,inactive,7/9/2015,4194.09,3/5/2013
457,Hersh,Allsup,hallsupco@myspace.com,4656957400,inactive,10/25/2021,8476.76,5/9/2018
458,Ladonna,Kubes,lkubescp@usatoday.com,3506310828,inactive,8/10/2017,2475.21,7/23/2018
459,Egor,Scroxton,escroxtoncq@surveymonkey.com,,active,6/27/2019,5042.94,9/23/2018
460,Anatol,Piche,apichecr@jimdo.com,5066863386,active,11/29/2020,2454.61,7/24/2016
461,Alisander,Lacer,alacercs@vk.com,9572319578,active,7/4/2018,2103.23,10/24/2011
462,Kassandra,Monkley,kmonkleyct@blogs.com,4083533177,active,3/1/2011,5686.3,3/10/2017
463,Price,Harring,pharringcu@scribd.com,5962531334,inactive,2/15/2020,3693.06,11/28/2020
464,Augustina,Goding,,3595508894,inactive,12/23/2011,5850.21,11/18/2014
465,Andriana,Ismay,aismaycw@techcrunch.com,2277310185,,7/12/2018,5855.83,12/19/2019
466,Tera,Aysh,tayshcx@adobe.com,9136266698,inactive,8/29/2012,9199.82,9/23/2010
467,Arnoldo,Chaffe,achaffecy@chronoengine.com,5824036827,active,8/29/2015,1864.43,7/4/2014
468,Hadlee,McElroy,hmcelroycz@mapquest.com,4996667937,inactive,4/25/2012,7543.49,10/29/2014
469,Lionel,Cornfield,lcornfieldd0@nasa.gov,8886832764,active,11/6/2021,6828.69,3/11/2011
470,Zebulon,Pannett,,2884539006,inactive,2/15/2016,4127.36,5/2/2012
471,Dacie,Beckett,dbeckettd2@dailymail.co.uk,6928243238,active,2/5/2010,2936.91,10/8/2014
472,Erie,Coulson,ecoulsond3@sfgate.com,7113526543,active,12/18/2021,8029.7,6/16/2022
473,Pincas,Excell,pexcelld4@is.gd,4181137351,inactive,3/21/2010,6020.68,8/1/2011
474,Ruby,Endecott,rendecottd5@wsj.com,7223878953,active,10/31/2015,7357.31,4/17/2017
475,Saloma,Marquiss,smarquissd6@google.com.au,3456397704,active,12/19/2018,7386.34,3/24/2019
476,Gerald,Ropert,gropertd7@jigsy.com,7806628257,inactive,6/13/2015,8469.62,10/31/2014
477,Cosmo,Blakesley,,2057345374,active,12/11/2014,2181.96,7/26/2015
478,Jill,Kendall,jkendalld9@virginia.edu,5728164271,active,8/3/2011,8245.86,2/18/2010
479,Dorrie,Hizir,dhizirda@amazonaws.com,7317871926,active,1/24/2016,9332.99,6/12/2021
480,Adriaens,Ensley,aensleydb@taobao.com,4524910756,inactive,9/4/2011,2336.59,6/21/2020
481,Catlin,Erswell,cerswelldc@wikispaces.com,8921167939,inactive,1/25/2022,8781.51,12/10/2013
482,Hermia,Bloxsom,hbloxsomdd@newsvine.com,6181370938,,1/24/2017,4478.39,12/8/2016
483,Crichton,Chalice,cchalicede@ucoz.com,9819667358,active,3/10/2011,7708.59,8/1/2014
484,Marillin,Biddulph,mbiddulphdf@economist.com,2865903303,inactive,4/23/2018,9680.53,4/16/2014
485,Evy,Riste,eristedg@state.gov,7483908009,active,4/16/2021,4378.07,9/28/2011
486,Bar,Guyot,bguyotdh@twitter.com,4058403302,active,4/30/2021,6617.19,5/21/2015
487,Melania,Clampton,mclamptondi@hubpages.com,2681463569,inactive,8/13/2022,342.54,3/12/2012
488,Bess,Agiolfinger,bagiolfingerdj@hao123.com,2881069254,active,11/4/2012,8693.19,9/4/2012
489,Estelle,Boneham,,1136316375,inactive,1/4/2021,7994.85,4/4/2018
490,Marni,Pucker,mpuckerdl@tinypic.com,3685356980,active,2/21/2013,3355.78,1/9/2016
491,Henryetta,Treven,htrevendm@google.com.au,4699112375,active,3/26/2018,2981.29,6/21/2021
492,Catharine,Fairall,cfairalldn@msn.com,,active,4/4/2021,2655.16,1/29/2011
493,Nicki,Ibbotson,nibbotsondo@intel.com,2084668531,inactive,11/6/2022,6089.2,12/2/2015
494,Celka,Czadla,cczadladp@a8.net,9563081260,active,5/10/2016,4622.56,4/26/2015
495,Fields,Blemen,,3042035442,,7/26/2011,4007.52,2/22/2015
496,Rudie,Tomlinson,rtomlinsondr@about.com,4826641959,inactive,7/15/2018,2480.73,2/7/2016
497,Gilligan,Hymer,,5143946515,active,6/30/2011,6885.68,3/16/2014
498,Lin,Gothrup,lgothrupdt@google.co.uk,,active,1/19/2018,7405.16,8/26/2016
499,Milo,Weins,mweinsdu@accuweather.com,1425483742,inactive,5/30/2015,8756.63,10/19/2011
500,Aloin,Duggan,aduggandv@wired.com,2595937617,inactive,3/14/2017,1367.26,3/15/2020
501,Eddie,Elford,eelforddw@pinterest.com,6805416935,active,2/1/2016,8130.46,4/7/2011
502,Brooke,Jablonski,bjablonskidx@weibo.com,7267955359,inactive,1/21/2015,9724.29,10/9/2016
503,Bren,Gerry,bgerrydy@jalbum.net,5468534464,active,8/2/2011,6031.7,8/30/2010
504,Jaquenetta,Overall,joveralldz@amazon.co.uk,6991612254,active,12/20/2020,9133.71,12/2/2019
505,Hussein,Carley,hcarleye0@kickstarter.com,1152658307,active,1/21/2015,9052.59,12/6/2011
506,Odo,Annell,oannelle1@cloudflare.com,5376104334,inactive,12/26/2019,6224.93,3/21/2015
507,Isac,Stockle,istocklee2@sitemeter.com,2599304359,inactive,6/5/2018,1963.49,2/20/2016
508,Sissy,Bente,sbentee3@jalbum.net,6794386074,active,4/7/2021,6254.5,12/13/2020
509,Andrus,Offin,,7451687691,active,11/3/2011,3099.68,10/6/2016
510,Jinny,Hanwell,jhanwelle5@altervista.org,4124370518,active,7/30/2015,2306.38,2/3/2012
511,Mickie,Harbidge,mharbidgee6@reference.com,6766877948,active,1/8/2021,4493.82,10/21/2019
512,Pancho,Cool,pcoole7@nih.gov,2668431994,inactive,3/13/2021,8129.53,10/19/2020
513,Feodora,Aubury,fauburye8@netlog.com,3592146600,inactive,1/12/2011,9482.93,1/19/2020
514,Kathleen,Caine,kcainee9@soup.io,8698989742,inactive,9/22/2022,623.53,5/25/2012
515,Julianne,Coldman,jcoldmanea@cnbc.com,2355565935,inactive,5/29/2018,1955.93,3/28/2019
516,Kathye,Klaaassen,kklaaasseneb@ftc.gov,3503046407,inactive,11/26/2019,4022.94,7/15/2010
517,Krisha,Patton,kpattonec@unesco.org,5498231174,,2/8/2012,7866.05,4/9/2016
518,Renault,Dhenin,rdhenined@shareasale.com,6628137085,active,3/9/2012,6774.19,4/28/2012
519,Francklin,Oaks,foaksee@blogs.com,8261381255,inactive,7/8/2013,6160.44,9/23/2013
520,Cash,Fuller,cfulleref@cbsnews.com,6442106436,inactive,6/29/2020,3587.39,4/26/2013
521,Agnella,de Marco,ademarcoeg@over-blog.com,9114727019,,5/1/2012,6075.72,1/18/2012
522,Tony,Birtwell,tbirtwelleh@house.gov,5815709704,inactive,11/12/2022,8551.29,1/5/2021
523,Berna,Ickov,bickovei@arizona.edu,8307025418,active,4/4/2016,9444.22,5/3/2017
524,Iolande,Yearron,iyearronej@weibo.com,6825927774,inactive,10/16/2022,5897.65,6/3/2019
525,Bernardina,Loude,bloudeek@taobao.com,8126258087,active,1/17/2021,1901.98,10/9/2014
526,Merna,Oram,moramel@paypal.com,4145915605,active,6/6/2017,9094.58,1/13/2021
527,Warren,Matthiesen,wmatthiesenem@whitehouse.gov,4246722881,inactive,4/5/2014,386.54,6/4/2019
528,Constantine,Keitch,ckeitchen@reddit.com,1655176762,active,2/7/2010,68.21,11/26/2015
529,Ann,Cicchillo,acicchilloeo@squarespace.com,2715616426,active,10/21/2013,6943.18,11/4/2015
530,Sibilla,Revell,srevellep@berkeley.edu,2171389133,inactive,9/9/2022,9857.63,1/3/2019
531,Darryl,Bruhnsen,dbruhnseneq@sogou.com,2594596907,active,5/31/2014,1345.4,9/2/2017
532,Allie,Semour,asemourer@google.co.jp,5289175524,active,6/8/2017,3207.47,5/23/2018
533,Randy,Baggett,rbaggettes@mtv.com,7245974145,active,9/27/2013,6448.57,5/18/2021
534,Boycey,China,bchinaet@comcast.net,5968525909,active,10/31/2018,4296.64,12/5/2016
535,Arly,Nisbet,anisbeteu@weibo.com,4348376890,inactive,8/9/2018,2893.09,3/26/2015
536,Ethelred,Byron,ebyronev@toplist.cz,8041169560,active,5/28/2019,106.68,9/16/2018
537,Rick,Dimanche,rdimancheew@mit.edu,7955547043,inactive,11/5/2018,6950.97,8/30/2021
538,Burnaby,Thaxter,bthaxterex@e-recht24.de,8972612845,active,5/27/2017,3813.19,5/11/2013
539,Theodor,Debney,tdebneyey@creativecommons.org,6506261841,active,3/12/2016,3529.94,5/23/2016
540,Miranda,Bastie,mbastieez@parallels.com,8055045188,inactive,5/20/2016,2876.51,6/3/2022
541,Town,Croke,tcrokef0@freewebs.com,2023235367,inactive,9/15/2010,4149.98,3/8/2011
542,Kain,Mc Elory,kmceloryf1@digg.com,6061796942,active,12/11/2019,3954.96,11/30/2016
543,Durand,Curmi,dcurmif2@clickbank.net,5936077263,active,1/27/2013,5895.81,6/9/2017
544,Heath,Parriss,hparrissf3@opera.com,5247360063,active,6/10/2017,8154.67,2/9/2015
545,Kacey,D'Angeli,kdangelif4@photobucket.com,2469016052,,12/23/2021,4860.63,5/24/2012
546,Eadith,Hayhow,ehayhowf5@hubpages.com,7365529647,inactive,3/31/2010,5858.33,6/15/2019
547,Nathalie,Dubble,ndubblef6@etsy.com,3776305765,,4/27/2016,3576.81,4/13/2012
548,Ashbey,Hedderly,ahedderlyf7@geocities.jp,6756544550,inactive,1/6/2016,6558.39,6/25/2018
549,Farra,Cicccitti,fcicccittif8@phoca.cz,2389596736,inactive,11/20/2016,9420.51,11/26/2011
550,Ferdinand,Mohammad,fmohammadf9@tinyurl.com,6194140303,inactive,10/26/2013,9610.42,1/15/2019
551,Annalee,Cappleman,acapplemanfa@creativecommons.org,5881325749,active,12/20/2018,4008.72,5/13/2018
552,Orton,Emma,,1159578687,active,2/13/2018,3876.65,1/18/2019
553,Caldwell,de Broke,cdebrokefc@businessweek.com,8701168146,inactive,1/25/2021,4212.66,1/10/2016
554,Bat,Esmead,besmeadfd@yahoo.co.jp,7871242765,inactive,6/26/2019,4681.73,4/17/2016
555,Shermy,Favela,sfavelafe@mail.ru,9769646769,active,2/1/2015,4549.85,3/12/2013
556,Boyce,Awcock,bawcockff@go.com,3212913264,inactive,9/30/2012,1921.49,1/2/2019
557,Othilie,Pretious,,7331351618,inactive,6/12/2012,2406.72,4/28/2015
558,Vonny,Millsom,vmillsomfh@soup.io,3159261677,inactive,4/22/2021,5071.1,11/14/2014
559,Ignacius,Aronovitz,iaronovitzfi@dot.gov,9955755254,active,10/31/2011,7457.73,7/21/2012
560,Rhoda,Doulden,rdouldenfj@deliciousdays.com,4396354180,inactive,11/9/2011,619.46,12/26/2016
561,Horacio,Francesconi,hfrancesconifk@goo.ne.jp,7679882202,active,3/19/2019,4007.92,10/30/2014
562,Grannie,Davidwitz,gdavidwitzfl@eventbrite.com,1479697130,inactive,9/8/2021,6217.54,10/20/2019
563,Zebadiah,Betteridge,zbetteridgefm@meetup.com,6877528586,,3/29/2012,7090.05,11/7/2018
564,Shandra,Duddle,sduddlefn@smh.com.au,3702006124,inactive,12/27/2015,2322.46,1/24/2013
565,Bidget,Boughtwood,bboughtwoodfo@cisco.com,9969986044,active,5/23/2022,7382.87,11/26/2021
566,Philomena,Doley,pdoleyfp@prweb.com,2878456843,inactive,5/26/2020,2362.38,2/16/2010
567,Matty,Todhunter,mtodhunterfq@networksolutions.com,1351157260,inactive,3/7/2022,2652.09,3/2/2017
568,Corissa,Coping,ccopingfr@w3.org,8017036969,inactive,7/9/2013,4145.31,8/18/2012
569,Tammi,Seldner,tseldnerfs@smh.com.au,9903796531,active,10/17/2021,8940.58,8/19/2010
570,Rees,Tschierse,rtschierseft@theguardian.com,7781577953,active,2/15/2019,6579.59,8/2/2016
571,Arabelle,Stiebler,astieblerfu@devhub.com,,inactive,7/7/2014,7029.31,7/19/2019
572,Ruthie,Trevena,rtrevenafv@google.ca,4559622087,inactive,3/12/2016,4400.72,9/1/2010
573,Clerc,Simcox,csimcoxfw@xrea.com,4994289988,inactive,8/10/2021,7189.91,7/4/2020
574,Meridel,Mort,mmortfx@biblegateway.com,6454786912,inactive,10/26/2013,9015.33,11/1/2018
575,Skipton,Caveney,scaveneyfy@netvibes.com,5021622917,inactive,6/10/2014,5870.71,3/6/2020
576,Thedrick,Pethybridge,tpethybridgefz@shinystat.com,5538819586,inactive,2/9/2018,3439.17,4/9/2015
577,Rollo,Lindenberg,rlindenbergg0@creativecommons.org,9344078245,active,10/2/2021,2173.81,5/21/2010
578,Sam,Torn,storng1@ted.com,8491517084,inactive,8/27/2018,1836.96,8/28/2019
579,Brocky,Seddon,bseddong2@washington.edu,5932343486,active,5/7/2021,4210.64,6/22/2017
580,Tabbie,Tollerfield,ttollerfieldg3@utexas.edu,9112831304,,6/4/2016,2734.13,8/14/2020
581,Jessie,Saveall,,4113485290,inactive,8/10/2012,7440.73,2/4/2010
582,Jobye,Tutt,jtuttg5@flavors.me,7585960089,active,1/20/2012,9438.1,1/16/2010
583,Alexandrina,Cranny,acrannyg6@xinhuanet.com,3213876435,active,12/16/2018,5024.19,1/9/2013
584,Goober,Westrey,gwestreyg7@pen.io,1509303283,inactive,1/25/2020,3474.84,11/8/2022
585,Lynnea,Bing,lbingg8@apple.com,7313435893,active,12/7/2021,7935.86,6/15/2021
586,Audry,Lipscombe,alipscombeg9@mac.com,6458810511,,5/16/2014,1797.01,4/2/2014
587,Missie,Fancet,mfancetga@unc.edu,4875020079,active,6/20/2021,5008.84,10/15/2013
588,Win,Upson,wupsongb@privacy.gov.au,9552341695,active,7/15/2018,5895.98,10/17/2022
589,Evie,Livingstone,elivingstonegc@joomla.org,5634045372,,4/28/2020,1622.8,3/31/2019
590,Coleen,Bullingham,cbullinghamgd@tamu.edu,1427711256,active,10/9/2015,6966.35,6/20/2022
591,Carol-jean,Crosham,ccroshamge@lycos.com,4392191021,inactive,3/17/2020,2007.48,6/13/2013
592,Elysee,Jouhandeau,ejouhandeaugf@japanpost.jp,5318313907,active,2/20/2022,5739.55,10/21/2010
593,Tallou,Easen,teasengg@bloglines.com,1685576884,active,9/26/2014,560.59,11/21/2015
594,Harri,Damiata,hdamiatagh@netlog.com,6407517976,active,4/9/2020,9777.72,3/15/2022
595,Carly,Clohisey,cclohiseygi@addtoany.com,8588385012,inactive,10/17/2010,4607.32,7/8/2018
596,Yardley,Whelpton,ywhelptongj@360.cn,7654190899,inactive,8/11/2016,608.24,11/17/2017
597,Gratiana,Raecroft,graecroftgk@wikispaces.com,6243349296,active,10/7/2016,790.82,10/17/2010
598,Henrie,Bomfield,hbomfieldgl@ifeng.com,1244301231,inactive,6/5/2012,5.71,3/19/2013
599,Brose,Burfitt,bburfittgm@tinypic.com,3648963580,active,6/8/2012,1316.53,5/29/2020
600,Lezlie,McFarlan,lmcfarlangn@thetimes.co.uk,4626195972,active,10/31/2011,9743.76,5/12/2010
601,Glynda,Gianettini,ggianettinigo@pcworld.com,7697559825,inactive,5/30/2013,3960.74,11/26/2019
602,Jenine,Normanville,jnormanvillegp@ehow.com,5626472948,inactive,3/19/2020,1658.22,1/19/2011
603,Rodie,Durham,rdurhamgq@upenn.edu,5713280761,active,3/25/2022,871.14,8/21/2014
604,Adelheid,Faas,afaasgr@accuweather.com,2388398109,active,5/3/2010,8806.69,12/14/2018
605,Philip,Quimby,pquimbygs@360.cn,7203944113,active,4/3/2020,4115.21,12/27/2010
606,Sunny,Krause,skrausegt@dailymotion.com,2213732427,inactive,12/5/2014,4290.25,7/2/2013
607,Ceil,Gowler,cgowlergu@geocities.jp,3581545555,inactive,8/26/2017,5044.23,10/7/2015
608,Patrizio,Gatteridge,pgatteridgegv@google.com,2613908682,active,8/5/2012,1939.43,6/27/2015
609,Melantha,Hugues,mhuguesgw@tinypic.com,,inactive,5/5/2016,7872.28,11/27/2010
610,Bertine,Saward,bsawardgx@hubpages.com,3294782364,inactive,5/8/2013,5577.54,4/25/2016
611,Swen,Cowlin,scowlingy@ucoz.com,,active,2/4/2014,7846.94,5/5/2012
612,Beniamino,Tees,bteesgz@springer.com,6683049973,inactive,5/28/2019,6822.72,12/18/2016
613,Melony,Cuningham,mcuninghamh0@google.pl,2652596016,,8/11/2020,3987.97,11/24/2010
614,Toby,Pinor,tpinorh1@angelfire.com,1282181888,active,7/23/2019,8451.88,4/8/2019
615,Chrystal,Loving,,7247820870,inactive,4/30/2017,2100.79,3/21/2010
616,Iago,Unger,iungerh3@chron.com,1394415098,active,2/23/2010,458.74,7/11/2020
617,Hedwig,Zohrer,hzohrerh4@cmu.edu,2428667112,inactive,6/30/2011,1674.81,5/5/2017
618,Odetta,Czadla,oczadlah5@meetup.com,1595282485,active,4/10/2022,1937.68,8/6/2014
619,Weber,Lanceter,wlanceterh6@cam.ac.uk,6283362679,inactive,7/4/2017,6349.34,9/28/2017
620,Errol,Garvill,,2053948815,inactive,1/15/2011,6243.27,9/4/2018
621,Jacquette,Adenot,jadenoth8@columbia.edu,4159986085,active,2/12/2014,7237.74,12/5/2022
622,Zerk,Speers,zspeersh9@wikipedia.org,,active,11/26/2019,7683.43,2/18/2012
623,Clarine,Glaserman,cglasermanha@t-online.de,9639908197,inactive,6/24/2011,4918.63,4/16/2020
624,Annamarie,Francomb,,9706457398,inactive,4/4/2012,6482.71,1/13/2014
625,Ches,Barnett,cbarnetthc@nhs.uk,2836800884,inactive,3/11/2018,3654.57,5/15/2015
626,Olga,Emanuelli,oemanuellihd@myspace.com,8078681948,active,12/21/2021,2923.04,4/3/2016
627,Selia,Purle,spurlehe@tripod.com,2748391356,inactive,7/3/2022,2090.88,3/19/2011
628,Raffaello,Kelle,rkellehf@baidu.com,8968448511,inactive,8/2/2013,5280.25,2/14/2016
629,Cosette,Berrow,cberrowhg@google.it,7446744529,active,3/16/2011,5707.39,5/20/2014
630,Cyrus,Salvin,csalvinhh@nydailynews.com,4002088315,active,12/18/2021,6905.55,11/26/2015
631,Nev,Ellerman,nellermanhi@squidoo.com,4511597331,inactive,7/19/2016,6099.33,12/23/2013
632,Maurits,De Bischof,mdebischofhj@msu.edu,2272343288,active,6/18/2013,5730.65,6/30/2014
633,Shirline,Drewe,sdrewehk@washington.edu,9384415451,inactive,1/12/2019,614.05,2/16/2015
634,Garner,Jackman,gjackmanhl@godaddy.com,7402482716,inactive,6/16/2022,4609.11,7/1/2022
635,Vinnie,Coils,vcoilshm@baidu.com,6872731252,active,8/30/2020,3275.45,9/1/2022
636,Rolando,Staker,rstakerhn@discovery.com,8712546916,active,5/8/2011,569.23,1/7/2017
637,Kerrin,Hovey,khoveyho@engadget.com,5792449507,active,5/15/2014,2432.0,8/11/2020
638,Brew,Atwater,,8661055769,,1/2/2014,5745.07,3/1/2014
639,Barton,Czapla,bczaplahq@goo.gl,6102978616,inactive,4/14/2020,1273.05,5/22/2015
640,Selia,Pavlenkov,spavlenkovhr@fema.gov,5499402582,active,5/8/2019,4001.19,1/2/2021
641,Liuka,Biggadike,lbiggadikehs@infoseek.co.jp,6966296953,active,8/25/2010,7430.25,11/1/2022
642,Deanna,Trenbay,dtrenbayht@sogou.com,1311055218,active,6/23/2014,8104.36,2/16/2021
643,Corny,Janjic,,5679523373,inactive,7/16/2018,8409.63,1/26/2019
644,Kahlil,Adcocks,kadcockshv@aboutads.info,9145390502,,7/29/2014,4322.23,5/27/2018
645,Verile,McIlriach,vmcilriachhw@alibaba.com,4936793016,active,7/21/2018,5098.93,11/8/2011
646,Martita,Chesnay,mchesnayhx@w3.org,9875817507,active,8/3/2019,9076.3,5/31/2016
647,Simonette,Bramhall,sbramhallhy@skyrock.com,7994598688,inactive,7/11/2013,5878.63,4/23/2015
648,Orran,McIleen,omcileenhz@goodreads.com,6772173311,inactive,9/29/2015,3426.04,8/7/2012
649,Zebedee,Russam,zrussami0@columbia.edu,8493564607,active,4/25/2010,6364.78,5/23/2019
650,Callida,Izod,cizodi1@psu.edu,2144804367,active,6/10/2015,8282.88,12/5/2012
651,Andi,Blizard,ablizardi2@rakuten.co.jp,9329559087,active,3/18/2012,542.03,7/7/2021
652,Philipa,Stennine,pstenninei3@mysql.com,4343915508,active,1/16/2018,4132.32,7/10/2013
653,Ysabel,Jansa,yjansai4@discuz.net,6361815086,inactive,5/21/2014,265.28,7/18/2012
654,Kippie,Clout,kclouti5@artisteer.com,5726961286,active,1/14/2019,7606.02,7/7/2022
655,Anne-marie,Banister,abanisteri6@youtube.com,1111827790,active,6/2/2016,2907.58,4/2/2019
656,Crichton,Peterkin,cpeterkini7@unblog.fr,7792335105,inactive,8/13/2021,904.73,12/22/2014
657,Nissa,Harrower,nharroweri8@va.gov,2297059725,inactive,8/19/2016,7023.39,4/28/2014
658,Tristan,Prantoni,tprantonii9@purevolume.com,9007110453,inactive,1/16/2017,146.82,5/7/2011
659,Angelle,Ferrarello,aferrarelloia@cbc.ca,5268591042,active,8/16/2013,4331.8,1/17/2013
660,Lettie,Addicott,laddicottib@archive.org,2953179756,active,8/28/2014,9708.76,12/29/2014
661,Flossi,Talton,ftaltonic@squarespace.com,5491215697,active,10/15/2014,9461.92,7/5/2017
662,Cyrus,Lindfors,clindforsid@cam.ac.uk,2202819660,,6/12/2021,6891.98,8/16/2021
663,Barbabra,Mapson,bmapsonie@opera.com,3827133027,inactive,4/8/2021,618.92,8/2/2019
664,Waverley,Fermer,wfermerif@hubpages.com,4886707182,active,2/23/2018,5839.26,10/15/2011
665,Shirline,Toth,stothig@wiley.com,9427544609,inactive,9/2/2017,2336.64,3/5/2016
666,Agatha,Gallihaulk,agallihaulkih@tripod.com,4826006826,inactive,11/24/2013,7822.85,12/12/2010
667,Patsy,Eggleson,pegglesonii@woothemes.com,2042157314,,3/14/2011,9656.15,2/24/2022
668,Brod,Allcorn,ballcornij@odnoklassniki.ru,9172074147,inactive,11/12/2013,183.25,9/18/2012
669,Denver,Trencher,dtrencherik@ca.gov,5265774095,active,10/20/2019,8168.65,5/16/2013
670,Hannie,Fouracres,hfouracresil@seesaa.net,8572952082,inactive,4/24/2017,4390.26,1/4/2016
671,Luis,Greenside,lgreensideim@rakuten.co.jp,5369477534,inactive,10/2/2019,5118.04,4/12/2015
672,Jules,Benedyktowicz,jbenedyktowiczin@oakley.com,3026958696,inactive,5/3/2018,9651.07,9/11/2016
673,Nathan,Spyby,nspybyio@oaic.gov.au,3783749207,,8/10/2012,6767.25,1/30/2015
674,Trixy,Tzuker,ttzukerip@blogtalkradio.com,9764400548,active,8/14/2012,1393.13,10/9/2019
675,Faith,Cassie,fcassieiq@vkontakte.ru,9802681379,active,8/20/2010,3388.72,2/25/2012
676,Shaina,Moules,smoulesir@washington.edu,6848524399,inactive,3/21/2013,1824.59,11/3/2015
677,Gun,Leborgne,gleborgneis@plala.or.jp,2292193385,active,3/18/2017,7005.92,5/17/2019
678,Carena,Lermouth,clermouthit@weibo.com,6951504547,inactive,5/9/2018,1770.89,9/30/2022
679,Liliane,Kaaskooper,lkaaskooperiu@gravatar.com,3146386469,inactive,1/29/2013,9073.61,1/27/2013
680,Anthe,Vaughan,avaughaniv@godaddy.com,6992100643,inactive,3/9/2011,4625.57,12/18/2015
681,Edmund,Beringer,eberingeriw@nsw.gov.au,8711117618,inactive,12/17/2021,2371.32,2/11/2022
682,Dave,Rodda,droddaix@walmart.com,2935295193,active,5/5/2014,2913.63,10/10/2020
683,Steward,MacLucais,smaclucaisiy@cargocollective.com,7702921030,inactive,6/25/2011,9541.0,11/6/2022
684,Jany,Strelitzer,jstrelitzeriz@google.co.jp,3712850897,inactive,10/29/2013,1573.96,1/26/2022
685,Kristan,Howes,khowesj0@census.gov,6221457269,active,12/31/2016,7808.74,7/23/2014
686,Ingaberg,Aulds,iauldsj1@example.com,7684290720,inactive,1/21/2013,7846.6,6/10/2013
687,Leigha,McGeachy,lmcgeachyj2@usa.gov,8025327328,active,3/9/2017,4798.22,12/28/2014
688,Marina,Bushen,mbushenj3@wordpress.org,9533488340,,11/22/2012,7624.1,9/19/2020
689,Collie,Breissan,cbreissanj4@hexun.com,8871907459,inactive,1/18/2021,3557.32,12/24/2020
690,Freedman,Hehir,,7831501514,inactive,4/16/2016,7955.78,1/9/2017
691,Paxon,Hugill,phugillj6@google.nl,3224430656,active,9/29/2014,1747.41,12/4/2016
692,Devina,Pitherick,dpitherickj7@walmart.com,7223868646,,10/5/2015,1976.93,1/29/2011
693,Melesa,Cecely,mcecelyj8@sitemeter.com,3819630204,active,4/22/2014,5034.73,6/21/2011
694,Isobel,Walcher,iwalcherj9@reference.com,9451497584,inactive,7/28/2014,9033.79,6/19/2013
695,Ginevra,Klempke,gklempkeja@springer.com,6685276548,inactive,6/17/2019,1060.64,4/8/2022
696,Julian,Fitkin,,9341933096,inactive,1/29/2017,6516.71,2/2/2015
697,Nessie,Capelen,ncapelenjc@wikia.com,1832498700,active,11/29/2017,3248.7,1/21/2019
698,Desirae,Macknish,dmacknishjd@blogs.com,3299605152,inactive,12/3/2017,1759.17,9/19/2013
699,Darby,Jenicke,,4182862188,inactive,3/9/2012,9764.56,5/27/2016
700,Enriqueta,Maleck,emaleckjf@woothemes.com,1171770569,active,2/21/2012,3445.49,9/6/2010
701,Germana,Geeve,ggeevejg@hatena.ne.jp,4271424575,inactive,11/27/2012,8091.81,1/31/2019
702,Nataniel,Cossey,ncosseyjh@gizmodo.com,2967971031,inactive,5/7/2015,7436.91,11/3/2014
703,Klaus,Falshaw,kfalshawji@youtube.com,1938063461,inactive,6/19/2019,5617.97,10/17/2020
704,Mathew,Witherington,mwitheringtonjj@eepurl.com,4897378377,inactive,10/1/2019,2613.48,7/14/2018
705,Ibbie,Atherley,iatherleyjk@tinypic.com,8903677863,inactive,4/3/2010,4513.07,11/29/2020
706,Arne,Narramore,anarramorejl@artisteer.com,1381122722,active,4/7/2018,2308.68,6/25/2017
707,Boote,O'Hone,bohonejm@e-recht24.de,4699491902,inactive,2/15/2022,3043.09,6/21/2020
708,Mariejeanne,Nipper,mnipperjn@ifeng.com,2116812147,inactive,12/30/2014,4837.44,11/6/2013
709,Simmonds,Slott,sslottjo@51.la,2984738297,inactive,12/11/2016,9675.4,11/9/2019
710,Dinah,Sheryne,dsherynejp@ebay.co.uk,9219072258,active,9/24/2016,8516.35,10/9/2013
711,Mame,Matskiv,mmatskivjq@booking.com,7028839073,inactive,2/11/2022,1973.33,9/15/2013
712,Chalmers,Weare,cwearejr@amazon.co.uk,1988957366,inactive,1/17/2014,4075.04,9/26/2016
713,Arlen,Alenikov,aalenikovjs@a8.net,5326912750,inactive,6/1/2019,9471.34,2/15/2019
714,Hilliard,Jardine,hjardinejt@ameblo.jp,4946573425,inactive,9/11/2014,432.86,8/30/2021
715,Margie,Thaw,mthawju@webs.com,2794288411,active,11/11/2019,2978.15,10/17/2014
716,Vasilis,Castillou,vcastilloujv@icio.us,8303448171,active,7/24/2018,1251.79,9/18/2013
717,Fayina,Garcia,fgarciajw@icio.us,6057842140,active,10/21/2017,4574.56,7/16/2017
718,Rossie,Tidman,rtidmanjx@opensource.org,5395423623,,11/21/2015,9690.68,6/10/2022
719,Simona,Scroggins,sscrogginsjy@ezinearticles.com,3776872831,active,8/27/2014,6293.13,1/5/2020
720,Ruddy,Serfati,rserfatijz@prnewswire.com,7447751267,active,5/23/2016,2437.85,3/16/2014
721,Randall,Brittan,rbrittank0@behance.net,9383608403,active,9/7/2010,9351.82,1/18/2022
722,Enrika,Peers,epeersk1@opera.com,9106550699,inactive,4/2/2016,51.54,1/9/2012
723,Elwin,Makin,emakink2@nature.com,9031251334,active,12/5/2014,817.97,7/9/2014
724,Bastien,Blackeby,bblackebyk3@sakura.ne.jp,3117578625,inactive,9/17/2016,688.75,8/19/2011
725,Allistir,Wilshaw,awilshawk4@trellian.com,8381736256,active,10/22/2018,864.79,11/3/2018
726,Jimmy,Sainteau,jsainteauk5@imageshack.us,4329621067,active,4/25/2015,6469.69,7/26/2019
727,Deedee,Piburn,dpiburnk6@washingtonpost.com,3865335919,inactive,2/20/2019,4964.91,1/25/2019
728,Laurice,Duddridge,lduddridgek7@ihg.com,,inactive,9/6/2012,1697.83,12/29/2011
729,Sheba,Redholls,sredhollsk8@alexa.com,6114796233,inactive,11/27/2022,1959.53,8/8/2020
730,Mabelle,Davidsen,mdavidsenk9@fc2.com,1949014532,inactive,4/3/2012,4284.39,8/20/2019
731,Kristian,Fenby,kfenbyka@issuu.com,5114189457,inactive,5/14/2013,40.55,11/27/2021
732,Amber,Robardey,arobardeykb@ustream.tv,6816846530,active,10/22/2012,3860.36,5/28/2018
733,Orella,Nannetti,onannettikc@soundcloud.com,6257612624,active,2/25/2014,7479.05,6/29/2015
734,Jonis,Pressey,jpresseykd@baidu.com,1222128937,inactive,3/12/2011,181.08,5/3/2022
735,Viviene,Tregale,vtregaleke@tiny.cc,4567263185,active,9/28/2018,7955.71,9/18/2022
736,Bax,Maytum,bmaytumkf@zdnet.com,5601634776,active,8/3/2013,2921.02,11/11/2017
737,Gunner,Trubshawe,gtrubshawekg@1688.com,6355838420,inactive,9/28/2019,2531.44,10/4/2010
738,Horst,Elger,helgerkh@cbsnews.com,5939902005,inactive,5/30/2020,9315.52,1/2/2015
739,Thom,Gell,tgellki@who.int,2601769269,,7/30/2022,2568.37,11/29/2018
740,Wallie,Mooney,wmooneykj@prlog.org,7011760708,inactive,12/12/2020,8600.32,9/24/2018
741,Prudi,Corona,pcoronakk@ebay.com,2497266855,inactive,1/31/2011,2402.2,11/20/2013
742,Byrle,Machin,bmachinkl@mediafire.com,8603817774,active,12/9/2010,3580.07,8/25/2020
743,Odilia,Pakenham,opakenhamkm@statcounter.com,6588010258,active,10/11/2022,3765.93,10/5/2020
744,Sydney,Branchflower,sbranchflowerkn@barnesandnoble.com,8238706426,inactive,6/28/2014,6032.18,7/13/2015
745,Lauren,Hanes,lhanesko@hp.com,9606860196,inactive,10/2/2018,4475.85,11/10/2016
746,Bevon,Treharne,btreharnekp@1688.com,3687275497,active,5/14/2012,8241.87,6/30/2015
747,Nickie,Tschursch,ntschurschkq@arstechnica.com,4373091145,active,7/20/2020,9589.28,11/30/2016
748,Laurene,Brizland,lbrizlandkr@blinklist.com,9607276591,active,11/26/2019,7302.43,5/27/2013
749,Orrin,Sterte,osterteks@cmu.edu,7965047012,active,9/29/2015,5205.65,5/8/2022
750,Glory,Pendre,gpendrekt@infoseek.co.jp,8746684050,active,7/18/2019,2052.06,8/7/2022
751,Royall,Game,rgameku@eepurl.com,4181639501,active,7/13/2019,160.16,7/14/2022
752,Kori,Flinders,kflinderskv@wikispaces.com,3933125870,active,6/28/2021,7712.26,7/28/2012
753,Kim,Riggs,kriggskw@taobao.com,9877828290,active,11/19/2021,1962.87,7/29/2020
754,Basil,Roubottom,broubottomkx@alibaba.com,1004653193,active,11/19/2014,9360.14,5/6/2011
755,Adolphe,Marham,amarhamky@ehow.com,4348007076,inactive,1/9/2010,9114.55,7/29/2019
756,York,Rogger,yroggerkz@elegantthemes.com,,inactive,12/5/2017,4060.27,9/24/2010
757,Agnes,Lunney,alunneyl0@netlog.com,5921370808,inactive,8/18/2016,7746.27,1/24/2022
758,Farrand,Aylin,faylinl1@mail.ru,7061706642,active,6/8/2015,5144.83,5/20/2019
759,Fremont,MacGray,fmacgrayl2@arstechnica.com,5102542893,inactive,8/25/2012,5536.31,7/15/2022
760,Berthe,Ewbanke,bewbankel3@china.com.cn,3191455744,active,6/5/2016,2191.13,12/15/2021
761,Chloette,Keggins,ckegginsl4@economist.com,,inactive,4/29/2014,2424.97,1/20/2013
762,Margy,Bagehot,mbagehotl5@irs.gov,8016156155,inactive,11/11/2012,8229.63,7/4/2020
763,Cassandre,Halhead,chalheadl6@wisc.edu,3403625114,,6/4/2020,8291.36,4/21/2020
764,Winnie,Jone,wjonel7@cnet.com,3815525797,inactive,10/17/2016,9093.1,1/13/2022
765,Roseann,Sumpner,rsumpnerl8@addtoany.com,5374191233,active,10/27/2019,4039.4,4/9/2010
766,Joline,Archell,jarchelll9@lycos.com,7021860019,active,11/13/2010,6605.42,11/2/2018
767,Bartholomew,Wills,bwillsla@slate.com,1412383406,active,9/24/2020,1077.48,10/11/2013
768,Brnaba,Dorbon,bdorbonlb@clickbank.net,4359326098,active,7/12/2011,5657.49,3/26/2022
769,Gertrude,Kember,gkemberlc@squidoo.com,3939988141,active,1/20/2021,960.36,11/17/2019
770,Ansel,Lohden,alohdenld@wisc.edu,2983519867,inactive,4/13/2010,3261.77,6/10/2014
771,Randell,Ducrow,,6638634223,active,6/26/2010,4934.68,4/26/2022
772,Margaux,Canet,mcanetlf@twitter.com,2769431234,inactive,2/25/2011,3257.07,12/21/2010
773,Carroll,Faraday,cfaradaylg@g.co,2866206757,active,1/3/2016,6874.78,1/8/2019
774,Thacher,Sherred,tsherredlh@parallels.com,,inactive,10/23/2020,1677.01,6/29/2016
775,Cher,Proudley,cproudleyli@zimbio.com,,,4/2/2022,6179.86,10/26/2022
776,Odette,Fackney,ofackneylj@prweb.com,8064787078,active,4/10/2014,1031.07,10/26/2018
777,Marshall,Tudball,mtudballlk@umich.edu,4532905297,inactive,9/5/2020,5598.22,9/24/2017
778,Roch,MacKeever,rmackeeverll@youtube.com,,active,11/3/2016,1427.53,4/26/2015
779,Eleanore,D'Ambrosio,edambrosiolm@plala.or.jp,2049403727,active,7/10/2016,7401.29,2/10/2010
780,Delora,Proven,dprovenln@dedecms.com,9275499423,inactive,11/15/2021,493.73,1/25/2019
781,Albie,Danser,adanserlo@blogspot.com,3485173741,active,9/20/2022,4341.47,10/2/2018
782,Torie,Beeson,tbeesonlp@seesaa.net,6688295158,active,12/18/2022,7446.79,5/2/2016
783,Fidela,Joskowitz,fjoskowitzlq@dell.com,6724506176,inactive,12/9/2011,4426.7,12/13/2010
784,Wayne,Brinsford,wbrinsfordlr@scientificamerican.com,,active,8/26/2013,8760.47,6/4/2022
785,Jodi,O'Ferris,joferrisls@craigslist.org,4881485760,inactive,5/30/2016,4509.68,2/15/2010
786,Lew,Geraldez,lgeraldezlt@mapquest.com,5554099224,active,1/29/2013,657.71,3/10/2012
787,Otho,Arlet,oarletlu@parallels.com,9376211056,active,1/8/2012,9128.68,2/26/2018
788,Leland,Saunt,lsauntlv@vinaora.com,1393260547,,3/9/2014,4728.55,4/4/2016
789,Koressa,Moden,kmodenlw@usgs.gov,3471066690,inactive,3/27/2013,8688.83,8/10/2021
790,Noble,Marke,nmarkelx@theguardian.com,4668152680,inactive,12/1/2010,9845.87,11/29/2019
791,Ferdy,Jonuzi,fjonuzily@cnn.com,9976363938,active,1/22/2019,5576.4,7/12/2015
792,Dolph,Shapter,dshapterlz@omniture.com,8224579283,active,5/18/2022,5370.37,11/12/2020
793,Maris,Ballham,mballhamm0@shareasale.com,9389626230,active,4/2/2018,8616.41,2/17/2018
794,Gray,Gawthorp,ggawthorpm1@dailymail.co.uk,8546742712,inactive,5/31/2016,4401.84,5/28/2015
795,Marijo,Ault,maultm2@sbwire.com,6498212697,,12/27/2015,6217.93,12/22/2018
796,Jaime,MacGinley,jmacginleym3@narod.ru,5217431528,active,3/25/2017,4315.24,6/16/2022
797,Ephrayim,Birnie,ebirniem4@hugedomains.com,3262657193,,9/12/2011,7117.43,3/7/2010
798,Lewie,Baumford,lbaumfordm5@quantcast.com,1574220599,inactive,6/8/2021,930.14,9/11/2022
799,Mel,Gaytor,mgaytorm6@weather.com,7976145679,active,10/31/2019,6428.07,2/17/2020
800,Amelita,Denisyev,adenisyevm7@i2i.jp,8982606557,active,6/28/2014,2958.35,4/8/2017
801,Rogers,Vermer,rvermerm8@icio.us,6883282585,inactive,6/1/2013,6014.06,8/25/2011
802,Gilemette,Kenworth,gkenworthm9@macromedia.com,6354785431,inactive,4/6/2018,1527.58,4/16/2022
803,Georgeanne,Greenalf,ggreenalfma@webs.com,3944652698,inactive,6/22/2011,2628.26,10/27/2011
804,Bondy,Clawsley,bclawsleymb@ning.com,1991225294,inactive,9/10/2010,9475.7,3/3/2012
805,Harrison,Biskup,hbiskupmc@wp.com,2355842616,inactive,8/17/2013,648.12,6/26/2020
806,Raddy,Roja,rrojamd@nhs.uk,8571546436,inactive,10/13/2021,1077.52,8/22/2017
807,Jolee,Smith,jsmithme@feedburner.com,6972211029,active,5/1/2018,6380.97,6/10/2014
808,Lilas,McCallam,lmccallammf@cloudflare.com,3915795198,inactive,10/3/2021,294.23,12/10/2012
809,Hyacintha,Seal,hsealmg@nsw.gov.au,,active,3/24/2011,6023.39,9/9/2013
810,Shanan,Coatsworth,scoatsworthmh@princeton.edu,,inactive,8/28/2013,246.13,1/27/2021
811,Kellyann,Sapshed,ksapshedmi@infoseek.co.jp,9462164973,active,6/10/2022,1933.33,2/27/2019
812,Abbe,Woodsford,awoodsfordmj@storify.com,1405484564,active,7/15/2021,714.05,4/6/2018
813,Hayes,Edensor,hedensormk@ucsd.edu,7628263448,inactive,8/18/2020,3332.63,3/14/2012
814,Frasier,Allawy,fallawyml@netvibes.com,4915057623,active,10/19/2022,3216.04,5/11/2022
815,Nelli,Algie,nalgiemm@pbs.org,8959184718,inactive,12/15/2010,4300.52,6/21/2021
816,Debor,Jerrams,djerramsmn@accuweather.com,1303429760,inactive,10/28/2010,3270.53,4/26/2014
817,Kissiah,Daens,kdaensmo@csmonitor.com,7891501362,active,9/11/2022,8464.4,10/8/2019
818,Farah,O'Fallowne,fofallownemp@alexa.com,4211981023,active,9/18/2016,8637.27,6/28/2015
819,Phyllis,Anderer,panderermq@oracle.com,1458721221,inactive,10/21/2011,9427.56,3/5/2014
820,Lynea,Dorre,ldorremr@nature.com,3014147926,inactive,9/2/2017,6116.01,11/3/2010
821,Vita,Di Maggio,vdimaggioms@ning.com,1651971481,active,6/7/2016,1950.8,2/19/2016
822,Homere,Pountain,hpountainmt@sohu.com,1255772286,active,7/27/2016,6984.75,5/14/2019
823,Baryram,Klas,bklasmu@goodreads.com,1469865457,active,8/27/2016,4374.49,4/19/2011
824,Hubie,Stean,hsteanmv@qq.com,7444532420,inactive,6/4/2022,2733.36,8/8/2010
825,Ranice,Wogdon,rwogdonmw@pcworld.com,6051449709,inactive,6/11/2021,9742.52,7/24/2010
826,Brandtr,Edlestone,bedlestonemx@about.me,2713364014,active,4/25/2011,8853.81,5/24/2010
827,Carina,Hamlet,chamletmy@mediafire.com,1548676782,inactive,11/21/2019,8089.58,7/3/2010
828,Therese,Cluely,tcluelymz@biblegateway.com,1976925922,inactive,7/7/2022,7718.55,8/20/2019
829,Hilde,Maddock,hmaddockn0@oracle.com,2062631939,active,4/11/2019,7910.27,2/4/2016
830,Arabelle,Strachan,astrachann1@skyrock.com,6022331442,active,6/29/2022,1675.7,10/17/2011
831,Blayne,Boodle,bboodlen2@parallels.com,7608896870,inactive,6/4/2011,3464.81,6/27/2019
832,Cassi,Gallahar,cgallaharn3@lycos.com,5167848576,active,2/24/2010,4082.25,6/27/2021
833,Ripley,Colebourn,rcolebournn4@meetup.com,5438180513,active,1/23/2022,8230.86,6/1/2015
834,Izabel,Eayrs,ieayrsn5@sina.com.cn,3001307198,inactive,5/17/2014,7264.18,9/4/2019
835,Jaime,Hindge,jhindgen6@freewebs.com,6349544939,,6/22/2018,3996.53,6/30/2018
836,Alie,Tinmouth,atinmouthn7@ftc.gov,5837715156,active,2/19/2021,7113.73,6/25/2015
837,Dorey,Benfell,dbenfelln8@google.co.jp,6168258883,inactive,11/16/2012,2194.71,9/10/2015
838,Bibbie,Siddele,bsiddelen9@hatena.ne.jp,3039739590,active,12/13/2010,1294.13,12/10/2017
839,Bekki,Toope,btoopena@bbc.co.uk,4298494306,active,7/6/2010,9293.0,3/20/2010
840,Lanny,Esmead,lesmeadnb@time.com,1409919742,active,10/14/2011,8902.59,3/22/2010
841,Helyn,Ewert,hewertnc@amazon.co.uk,5016827782,inactive,8/10/2013,4799.84,7/8/2016
842,Joletta,Delieu,jdelieund@tinyurl.com,1548395907,active,12/1/2016,6198.5,10/28/2017
843,Torr,Neil,tneilne@amazon.co.jp,,active,1/20/2013,2737.95,5/2/2014
844,Cirilo,Marieton,cmarietonnf@hhs.gov,7307424672,inactive,2/24/2015,5724.74,5/23/2022
845,Nester,Igo,nigong@techcrunch.com,2967439605,active,6/29/2015,1257.3,9/27/2013
846,Bryanty,Larmour,blarmournh@hao123.com,8045868837,inactive,11/5/2010,156.34,3/24/2021
847,Thaddus,Bagworth,tbagworthni@bloglovin.com,2072451594,inactive,6/17/2012,3722.31,1/3/2010
848,Loy,Thirtle,lthirtlenj@elegantthemes.com,4885313907,active,1/5/2021,9359.04,10/23/2019
849,Korry,Kinnerk,kkinnerknk@un.org,8094557814,inactive,6/21/2013,9719.43,8/30/2022
850,Cordelia,Barkley,cbarkleynl@g.co,,inactive,10/3/2012,3162.7,2/18/2015
851,Jameson,Crang,jcrangnm@virginia.edu,1765766330,inactive,5/18/2014,8529.82,1/19/2020
852,Elsy,Van den Oord,evandenoordnn@admin.ch,6542660120,inactive,7/4/2011,5433.57,8/24/2018
853,Der,Levi,dlevino@netscape.com,3774766916,inactive,12/23/2011,6439.38,4/15/2013
854,Madalyn,O'Kinneally,mokinneallynp@topsy.com,,active,4/29/2011,7343.06,1/25/2015
855,Drusilla,Krugmann,dkrugmannnq@barnesandnoble.com,5993139421,inactive,11/30/2013,9710.58,8/1/2022
856,Brier,Kampshell,bkampshellnr@cam.ac.uk,6034004473,,1/16/2019,3145.15,1/1/2011
857,Abbey,Hawkey,ahawkeyns@foxnews.com,5941533711,active,12/22/2020,6064.4,2/23/2018
858,Constantine,Frankiss,cfrankissnt@sitemeter.com,8882337687,,10/25/2014,6770.8,11/9/2012
859,Row,Crampsey,rcrampseynu@washington.edu,8423165237,inactive,5/25/2015,9635.63,4/25/2019
860,Appolonia,Cicullo,acicullonv@youku.com,9498914995,active,10/5/2014,1403.26,8/27/2022
861,Modesty,Knappitt,mknappittnw@dedecms.com,1587868940,inactive,3/3/2011,3432.81,11/5/2015
862,Tanner,Stoddart,tstoddartnx@mayoclinic.com,2942908066,active,7/11/2011,7953.44,1/16/2018
863,Rhea,Bellinger,,9476420725,inactive,11/23/2018,7016.36,8/1/2010
864,Merrili,Doig,mdoignz@myspace.com,9135322289,active,4/24/2012,7594.51,9/16/2017
865,Storm,Vaskov,svaskovo0@is.gd,2206183742,inactive,1/11/2013,5317.92,3/7/2012
866,Diena,Rozsa,drozsao1@rediff.com,,inactive,1/26/2013,7308.52,2/20/2021
867,Ebonee,Gammage,egammageo2@kickstarter.com,8407899686,active,5/22/2016,483.4,5/23/2010
868,Em,Colthard,ecolthardo3@ox.ac.uk,2106534273,inactive,8/1/2016,6096.5,3/22/2018
869,Modestia,Liddiard,mliddiardo4@youtube.com,,active,8/2/2020,2671.16,9/11/2011
870,Joannes,Doyley,jdoyleyo5@tumblr.com,8363011222,active,3/10/2012,8848.36,11/17/2016
871,Rodina,Tumulty,rtumultyo6@usgs.gov,9481164778,active,5/28/2013,1629.46,3/9/2014
872,Fair,Van der Kruis,fvanderkruiso7@ucoz.com,7504361891,inactive,4/7/2020,6198.61,9/7/2021
873,Joseph,Porkiss,jporkisso8@nba.com,7588031263,active,1/5/2018,8715.03,1/30/2016
874,Minor,Jent,mjento9@icio.us,4237497492,inactive,1/25/2021,6497.29,9/23/2017
875,Clim,Floris,cflorisoa@shareasale.com,5671753901,inactive,7/15/2013,6633.92,2/18/2017
876,Willem,Flann,wflannob@facebook.com,6146202056,inactive,5/25/2017,7759.25,9/19/2016
877,Nathanil,Regglar,nregglaroc@etsy.com,4558143253,active,8/17/2022,479.94,10/29/2019
878,Humphrey,Donneely,hdonneelyod@vimeo.com,4678167367,active,8/29/2022,1434.11,2/8/2019
879,Sissie,Mennell,smennelloe@boston.com,9334148172,active,11/16/2012,7289.69,10/18/2017
880,Orlando,Heatlie,,5834059673,inactive,2/13/2018,7813.65,5/5/2012
881,Kacy,Leere,kleereog@com.com,3653435309,active,10/6/2018,553.2,8/14/2010
882,Levi,Osgerby,losgerbyoh@ucoz.ru,6613362340,inactive,2/22/2011,5725.89,11/6/2014
883,Junie,MacGettigen,jmacgettigenoi@craigslist.org,7321689628,active,9/10/2011,6937.52,7/12/2011
884,Wallas,Wherton,wwhertonoj@github.io,,active,9/12/2010,3916.04,12/9/2022
885,Heinrick,Heigho,hheighook@wordpress.com,7734174596,active,1/21/2015,583.89,2/17/2015
886,Desiri,Habbershon,,3328893473,active,1/16/2022,851.64,5/25/2018
887,Nickey,Vannuccini,nvannucciniom@gnu.org,6701242517,active,7/2/2022,8106.36,12/10/2018
888,Ardelis,Bradden,abraddenon@hatena.ne.jp,4308514120,active,6/26/2017,624.93,3/3/2013
889,Wanids,Kenealy,wkenealyoo@state.gov,5986995409,,9/27/2015,5891.05,7/29/2020
890,Quincey,Frounks,qfrounksop@ted.com,3419542757,inactive,12/5/2022,733.39,3/19/2015
891,Sara,Delacoste,sdelacosteoq@japanpost.jp,6193878614,inactive,7/31/2010,243.1,6/16/2014
892,Nye,Soltan,nsoltanor@soundcloud.com,2885531718,inactive,3/20/2012,6047.52,11/10/2021
893,Merlina,Whitby,mwhitbyos@sun.com,4888330210,,9/20/2011,9188.59,2/10/2018
894,Grantley,Chomiszewski,gchomiszewskiot@oaic.gov.au,4253282855,active,9/25/2016,1518.54,10/2/2013
895,Ingmar,Grolmann,igrolmannou@go.com,3234888047,inactive,8/13/2018,7349.19,9/19/2016
896,Tessi,Reap,treapov@csmonitor.com,5854643163,active,11/3/2022,1709.31,6/30/2018
897,Ethan,Rivalland,erivallandow@webmd.com,4296671880,inactive,11/1/2012,5881.92,7/5/2022
898,Rorie,Widdall,rwiddallox@ft.com,8438463057,,9/20/2014,679.29,5/27/2018
899,Clementina,Latter,clatteroy@mapy.cz,8972315870,inactive,8/7/2021,3447.04,5/1/2020
900,Cheslie,Deluze,cdeluzeoz@theguardian.com,1344511027,,8/31/2014,2506.01,7/1/2014
901,Maurise,Borleace,mborleacep0@sina.com.cn,5242544474,active,2/4/2016,2347.82,4/13/2012
902,Oralie,Tomaszewicz,otomaszewiczp1@google.com.hk,7137741837,active,4/20/2011,3977.09,12/16/2016
903,Gordy,Heather,gheatherp2@google.ru,1785038832,active,11/11/2020,3983.22,3/4/2018
904,Arnuad,Garrit,agarritp3@microsoft.com,5617480263,active,11/30/2015,9837.69,12/30/2021
905,Filia,Garnam,fgarnamp4@sfgate.com,8878911749,inactive,3/18/2010,3465.78,1/18/2013
906,Yetta,Cartmer,ycartmerp5@cloudflare.com,8558998637,inactive,7/27/2014,4521.03,11/15/2012
907,Viviene,Daddow,vdaddowp6@gmpg.org,8758674071,active,11/24/2013,1101.95,12/14/2013
908,Goldie,McCrann,gmccrannp7@princeton.edu,3938955253,inactive,4/25/2019,805.63,10/23/2018
909,Win,Hatrick,,8883614497,active,2/19/2021,5622.43,11/5/2011
910,Mylo,Jahnig,mjahnigp9@yale.edu,8334560222,active,5/30/2012,2637.33,11/5/2019
911,Maxy,Avramchik,mavramchikpa@reverbnation.com,4557643185,active,3/25/2017,5404.89,10/13/2015
912,Lil,McCarron,lmccarronpb@phoca.cz,5222866946,active,6/26/2012,7805.86,6/6/2011
913,Agosto,Plaunch,aplaunchpc@berkeley.edu,5256006116,inactive,8/7/2013,8988.12,12/5/2012
914,Fred,Sloat,fsloatpd@indiatimes.com,4334066350,active,1/25/2010,9884.26,11/18/2021
915,Samantha,Duncan,sduncanpe@ow.ly,8635620130,inactive,4/5/2011,967.95,12/7/2012
916,Alvis,Pieroni,apieronipf@wiley.com,3023771863,inactive,12/18/2010,2524.5,4/28/2012
917,Norby,Cattle,ncattlepg@arizona.edu,8397436498,active,3/3/2017,2681.77,8/5/2016
918,Armstrong,Sheasby,asheasbyph@biglobe.ne.jp,9194843343,active,8/7/2015,5761.15,2/8/2010
919,Randee,Brader,,6092284463,inactive,4/20/2015,2231.21,6/17/2012
920,Kaylil,Muzzini,kmuzzinipj@edublogs.org,2136703019,active,6/25/2010,7616.33,12/29/2011
921,Eleanore,Frostdick,efrostdickpk@marriott.com,2225808173,active,10/9/2012,9331.08,2/24/2022
922,Donal,Seabrocke,dseabrockepl@dmoz.org,7019564122,inactive,5/19/2012,3543.83,9/23/2017
923,Kellia,Rillstone,,4084541875,inactive,3/10/2018,9120.23,7/31/2021
924,Nataline,Munton,nmuntonpn@a8.net,9324030239,inactive,3/21/2016,6176.26,8/16/2010
925,Caryl,Wilder,cwilderpo@symantec.com,1498321498,active,11/24/2016,5486.24,3/14/2010
926,Margie,Jacomb,mjacombpp@sciencedirect.com,6352156235,active,9/26/2012,846.39,5/18/2012
927,Dierdre,Ovanesian,dovanesianpq@time.com,1193963568,active,12/20/2011,9436.16,3/27/2019
928,Hugo,Kitchingham,,6486853874,active,12/6/2019,9600.85,11/3/2021
929,Giffy,Dagger,gdaggerps@cisco.com,5594905097,inactive,8/6/2017,7363.35,7/31/2022
930,Adel,Flamank,,4414333049,active,10/24/2014,3407.4,6/28/2022
931,Griz,Priestland,gpriestlandpu@constantcontact.com,7755070799,inactive,2/12/2019,7950.27,7/24/2015
932,Enrico,Kadd,ekaddpv@hatena.ne.jp,2446406184,active,4/28/2017,7911.89,11/25/2017
933,Bobby,Stepney,bstepneypw@slate.com,3094055178,active,1/6/2013,2760.19,3/10/2013
934,Alice,Suttell,asuttellpx@vk.com,9598642065,inactive,10/11/2013,2944.18,5/26/2021
935,Yancy,Slyford,yslyfordpy@chicagotribune.com,1229663921,inactive,2/21/2013,5662.33,2/17/2020
936,Theressa,Birtley,tbirtleypz@usda.gov,9127762006,active,12/23/2021,3408.34,4/30/2015
937,Jackquelin,Shortell,jshortellq0@123-reg.co.uk,4686472873,inactive,3/19/2018,6797.94,7/12/2015
938,Fons,Edelston,fedelstonq1@slideshare.net,8813951375,active,10/12/2019,2866.74,11/8/2021
939,Annemarie,Shearston,ashearstonq2@nytimes.com,6095412122,inactive,7/13/2010,2485.14,8/10/2016
940,Gardener,Thews,gthewsq3@cloudflare.com,8186840388,active,2/19/2021,2402.93,6/12/2010
941,Morie,Hovert,mhovertq4@ca.gov,4594582302,active,8/21/2012,4324.01,6/18/2013
942,Britte,Kaasman,bkaasmanq5@slate.com,9039797805,inactive,3/28/2020,9220.5,5/6/2014
943,Claudette,Amies,camiesq6@cbslocal.com,5569160073,active,11/8/2014,8829.84,3/12/2016
944,Curran,de Courcy,cdecourcyq7@rambler.ru,5053359145,inactive,6/14/2021,8795.16,2/10/2016
945,Pren,Mourant,pmourantq8@biglobe.ne.jp,9209422575,active,12/15/2014,1854.06,4/16/2022
946,Jone,Icom,jicomq9@bluehost.com,2829281204,inactive,9/8/2020,8125.37,3/26/2018
947,Jarid,Clay,jclayqa@flickr.com,2816626596,inactive,10/2/2013,4277.24,6/19/2016
948,Coraline,Watkins,cwatkinsqb@icq.com,,active,5/27/2014,9909.31,10/19/2015
949,Marya,Woolfoot,mwoolfootqc@goodreads.com,9378916151,inactive,8/15/2019,7645.54,3/3/2015
950,Waldo,Screas,,5484835520,active,7/6/2012,6738.92,5/22/2015
951,Waylen,Gravett,wgravettqe@github.com,8968893471,inactive,3/28/2011,8520.0,2/20/2021
952,Jasmine,Skechley,jskechleyqf@princeton.edu,4555484304,active,6/20/2022,5211.68,6/23/2013
953,Mildrid,Baldacchino,mbaldacchinoqg@baidu.com,7533743230,inactive,5/25/2010,7426.49,1/11/2021
954,Kristoforo,Franzelini,kfranzeliniqh@woothemes.com,,active,10/21/2022,6003.19,4/5/2018
955,Kellsie,McGerr,kmcgerrqi@smugmug.com,4727827675,inactive,12/22/2018,6123.26,9/26/2016
956,Lowell,Lillecrop,llillecropqj@istockphoto.com,5948454426,inactive,4/2/2015,3262.37,4/27/2016
957,Ives,Dielhenn,idielhennqk@xing.com,7867662906,active,6/1/2015,1775.23,3/28/2015
958,Emelda,Coultas,ecoultasql@youtu.be,3801260048,active,6/14/2020,3798.09,3/28/2012
959,Paulina,Eastby,peastbyqm@amazon.de,4121674975,active,12/17/2015,3963.42,2/1/2022
960,Odie,Cristofano,ocristofanoqn@bing.com,9858965519,active,5/17/2020,7650.84,7/27/2018
961,Karylin,Probart,,5718707022,active,3/18/2022,4533.19,10/21/2021
962,Gino,Nehls,gnehlsqp@weibo.com,4769306116,inactive,10/24/2017,4476.6,9/7/2017
963,Jennette,Camber,jcamberqq@netvibes.com,5279557853,inactive,9/23/2018,191.6,1/11/2019
964,Cobbie,Wayland,cwaylandqr@ocn.ne.jp,1979648083,inactive,8/23/2019,6632.32,7/3/2010
965,Chester,Antram,cantramqs@lycos.com,8691016308,active,10/11/2012,8433.54,11/13/2020
966,Millard,Onians,moniansqt@shareasale.com,9292679536,inactive,8/17/2014,9084.2,6/6/2020
967,Winifield,Readshall,wreadshallqu@huffingtonpost.com,,active,11/21/2011,726.31,11/28/2016
968,Edmon,Redmain,eredmainqv@sun.com,3542230333,inactive,2/6/2011,9333.19,10/29/2020
969,Bessie,Capitano,bcapitanoqw@flickr.com,6074406046,active,10/23/2011,7508.78,8/7/2016
970,Sarina,Benedikt,sbenediktqx@domainmarket.com,1955672079,inactive,6/28/2010,2323.35,6/24/2016
971,Carmita,Walkley,cwalkleyqy@wunderground.com,7593854824,inactive,3/18/2010,3206.94,9/11/2012
972,Randolf,Drinkale,rdrinkaleqz@eventbrite.com,8398178517,active,10/6/2011,8756.77,1/28/2013
973,Carin,Stoggell,cstoggellr0@nasa.gov,7469081363,active,12/26/2021,7579.34,12/8/2017
974,Ingeborg,Stanford,istanfordr1@ibm.com,9949945287,active,8/29/2018,4684.38,1/18/2021
975,Alvan,Booeln,,8602333056,active,10/20/2011,5798.15,5/29/2019
976,Wain,Hartlebury,whartleburyr3@cisco.com,8043977479,active,1/3/2010,8208.62,10/15/2015
977,Ophelie,Fielding,ofieldingr4@twitter.com,4066588106,inactive,1/17/2020,8194.39,10/18/2015
978,Simone,Clyne,sclyner5@ehow.com,3493250503,inactive,9/4/2014,7238.14,10/30/2012
979,De,Wellstead,dwellsteadr6@mapy.cz,2868860395,inactive,11/2/2022,3749.3,9/1/2020
980,Cybill,Toller,,7365170555,active,10/15/2022,6100.0,3/3/2015
981,Perice,Filgate,pfilgater8@nydailynews.com,6875398799,active,10/21/2015,1517.66,1/2/2014
982,Bette,Leathart,bleathartr9@altervista.org,5881473509,inactive,2/16/2018,3056.91,8/30/2018
983,Nathanial,Richardes,nrichardesra@github.com,5897494925,active,11/11/2022,5395.85,6/22/2010
984,Walliw,Reburn,wreburnrb@edublogs.org,9919093077,inactive,3/4/2016,1696.4,9/18/2016
985,Marcus,Oldershaw,moldershawrc@abc.net.au,4884867105,inactive,1/11/2021,5680.36,4/28/2016
986,Jenn,McCuffie,jmccuffierd@si.edu,5119257038,inactive,9/18/2022,4883.3,1/4/2012
987,Currie,Vlasov,cvlasovre@goo.gl,6488175074,active,2/15/2012,2907.96,12/8/2015
988,Lemmie,Maplethorpe,lmaplethorperf@devhub.com,2327570025,active,4/2/2012,5604.74,11/18/2011
989,Damien,Synnott,dsynnottrg@discuz.net,4852553139,active,11/13/2010,5676.48,7/2/2012
990,Tynan,O'Nowlan,tonowlanrh@360.cn,9263336021,active,11/28/2013,8033.49,12/13/2015
991,Sadie,Coonihan,scoonihanri@linkedin.com,8953553735,active,9/8/2011,8045.73,5/14/2016
992,Lesly,Sedgemore,lsedgemorerj@nifty.com,8964853222,active,1/18/2016,9090.94,11/3/2014
993,Everard,Hulburt,ehulburtrk@hc360.com,2927856998,active,2/11/2021,6646.53,9/3/2022
994,Fionnula,Franies,ffraniesrl@ox.ac.uk,4312618951,active,10/23/2018,6888.66,1/15/2010
995,Johnna,McCorkell,jmccorkellrm@paypal.com,3615729586,inactive,9/5/2015,3227.85,9/9/2016
996,Iver,Theunissen,itheunissenrn@gravatar.com,6496411566,inactive,3/29/2020,3955.34,10/10/2018
997,Northrop,Phillps,nphillpsro@hc360.com,7534430769,inactive,6/10/2020,8067.84,6/20/2014
998,Carlynn,Carpmile,ccarpmilerp@cdc.gov,8669771624,inactive,4/24/2010,2311.89,10/17/2018
999,Emilee,Di Pietro,edipietrorq@hatena.ne.jp,1381135110,inactive,9/21/2012,1226.14,1/2/2010
1000,Berni,Abramovic,babramovicrr@bbc.co.uk,8371543160,inactive,11/8/2015,5471.33,8/22/2019